State or Region,Institution Sector,Sector Sort,Fall 2017,Fall 2018,Fall 2019,Fall 2020,Fall 2021,Fall 2022,Fall 2023,Fall 2024*,(*estimated)
United States,Overall,1,96.1%,96.7%,96.8%,97.3%,97.4%,97.4%,97.4%,97.5%,
United States,All 4-year Institutions,2,97.1%,97.4%,97.5%,97.8%,97.7%,97.7%,97.8%,97.9%,
United States,All PAB Institutions,3,91.9%,96.9%,96.9%,97.1%,97.7%,97.8%,98.1%,98.1%,
United States,All 2-year Institutions,4,94.8%,95.1%,95.2%,96.3%,96.4%,96.3%,96.3%,96.3%,
United States,All Public Institutions,5,98.8%,98.9%,99.0%,99.6%,99.7%,99.7%,99.7%,99.8%,
United States,"All Private, not-for-profit Institutions",6,94.5%,94.8%,95.0%,95.6%,95.8%,95.9%,96.0%,96.1%,
United States,"All Private, for-profit Institutions",7,68.1%,72.2%,72.0%,74.2%,73.8%,72.5%,72.7%,73.4%,
United States,"Public, 4-year",8,99.4%,99.5%,99.5%,99.6%,99.6%,99.6%,99.6%,99.7%,
United States,"Private, not-for-profit, 4-year",9,95.5%,95.6%,95.9%,96.2%,96.3%,96.5%,96.6%,96.6%,
United States,"Private, for-profit, 4-year",10,83.2%,85.3%,85.3%,88.4%,87.1%,86.6%,86.8%,87.7%,
United States,"Public, PAB",11,99.7%,99.8%,99.8%,99.8%,99.4%,99.4%,99.5%,99.5%,
United States,"Private, not-for-profit, PAB",12,72.4%,76.9%,76.9%,77.5%,82.2%,89.8%,91.2%,91.2%,
United States,"Private, for-profit, PAB",13,47.1%,61.6%,61.9%,67.1%,70.8%,53.2%,55.7%,55.7%,
United States,"Public, 2-year",14,97.9%,98.0%,98.1%,99.7%,99.8%,99.8%,99.8%,99.9%,
United States,"Private, not-for-profit, 2-year",15,35.3%,29.0%,28.9%,37.5%,37.8%,36.7%,39.5%,39.9%,
United States,"Private, for-profit, 2-year",16,11.6%,14.4%,14.0%,13.7%,11.8%,11.2%,9.0%,9.0%,
Midwest,Overall,1,98.0%,98.4%,98.5%,98.6%,98.7%,99.0%,99.1%,99.2%,
Midwest,All 4-year Institutions,2,98.4%,98.5%,98.5%,98.8%,98.7%,99.0%,99.2%,99.3%,
Midwest,All PAB Institutions,3,93.4%,97.4%,97.3%,97.6%,100.0%,100.0%,100.0%,100.0%,
Midwest,All 2-year Institutions,4,97.2%,98.4%,98.5%,98.3%,98.7%,99.0%,98.9%,98.9%,
Midwest,All Public Institutions,5,99.3%,99.7%,99.8%,99.8%,99.9%,99.9%,99.9%,99.9%,
Midwest,"All Private, not-for-profit Institutions",6,95.2%,95.4%,95.4%,96.1%,96.2%,97.4%,98.0%,98.0%,
Midwest,"All Private, for-profit Institutions",7,13.3%,22.1%,24.5%,22.8%,20.8%,23.5%,19.9%,37.8%,
Midwest,"Public, 4-year",8,100.0%,100.0%,100.0%,100.0%,100.0%,100.0%,100.0%,100.0%,
Midwest,"Private, not-for-profit, 4-year",9,95.6%,95.7%,95.7%,96.3%,96.3%,97.5%,98.1%,98.1%,
Midwest,"Private, for-profit, 4-year",10,43.3%,48.1%,53.8%,61.7%,61.1%,45.3%,41.0%,78.1%,
Midwest,"Public, PAB",11,100.0%,100.0%,100.0%,100.0%,100.0%,100.0%,100.0%,100.0%,
Midwest,"Private, not-for-profit, PAB",12,85.5%,88.6%,87.5%,88.6%,100.0%,100.0%,100.0%,100.0%,
Midwest,"Private, for-profit, PAB",13,0.0%,0.0%,0.0%,0.0%,.,.,.,.,
Midwest,"Public, 2-year",14,98.3%,99.4%,99.4%,99.4%,99.8%,99.8%,99.8%,99.8%,
Midwest,"Private, not-for-profit, 2-year",15,59.5%,38.4%,45.2%,41.8%,22.3%,19.3%,16.0%,16.0%,
Midwest,"Private, for-profit, 2-year",16,0.0%,5.4%,6.1%,4.0%,0.0%,0.0%,0.0%,0.0%,
Northeast,Overall,1,96.9%,97.4%,97.4%,97.5%,97.6%,97.6%,97.5%,97.6%,
Northeast,All 4-year Institutions,2,97.0%,97.5%,97.5%,97.5%,97.8%,97.9%,97.8%,97.8%,
Northeast,All PAB Institutions,3,93.4%,97.9%,97.8%,97.7%,100.0%,100.0%,100.0%,100.0%,
Northeast,All 2-year Institutions,4,96.9%,97.2%,97.3%,97.2%,96.9%,96.5%,96.6%,96.6%,
Northeast,All Public Institutions,5,99.3%,99.4%,99.4%,99.5%,99.5%,99.5%,99.5%,99.6%,
Northeast,"All Private, not-for-profit Institutions",6,95.2%,95.8%,95.7%,95.8%,96.2%,96.4%,96.3%,96.3%,
Northeast,"All Private, for-profit Institutions",7,59.4%,68.8%,64.4%,59.2%,60.5%,56.1%,55.3%,55.3%,
Northeast,"Public, 4-year",8,99.2%,99.2%,99.2%,99.3%,99.3%,99.3%,99.2%,99.4%,
Northeast,"Private, not-for-profit, 4-year",9,95.4%,96.1%,96.1%,96.1%,96.6%,96.8%,96.6%,96.6%,
Northeast,"Private, for-profit, 4-year",10,83.2%,93.1%,90.6%,90.2%,89.6%,90.3%,89.9%,89.9%,
Northeast,"Public, PAB",11,100.0%,100.0%,100.0%,100.0%,100.0%,100.0%,100.0%,100.0%,
Northeast,"Private, not-for-profit, PAB",12,91.5%,96.3%,96.3%,96.5%,100.0%,100.0%,100.0%,100.0%,
Northeast,"Private, for-profit, PAB",13,52.4%,49.6%,50.1%,50.5%,100.0%,100.0%,100.0%,100.0%,
Northeast,"Public, 2-year",14,99.6%,99.6%,99.6%,100.0%,100.0%,100.0%,100.0%,100.0%,
Northeast,"Private, not-for-profit, 2-year",15,68.8%,54.2%,48.4%,45.1%,35.1%,38.0%,46.6%,46.6%,
Northeast,"Private, for-profit, 2-year",16,23.1%,26.5%,29.8%,20.9%,3.8%,14.9%,14.2%,14.2%,
South,Overall,1,96.3%,96.6%,96.7%,98.3%,98.5%,98.2%,98.2%,98.3%,
South,All 4-year Institutions,2,97.6%,97.7%,97.8%,98.4%,98.4%,98.2%,98.3%,98.3%,
South,All PAB Institutions,3,97.0%,97.5%,97.4%,97.8%,98.9%,99.0%,99.1%,99.1%,
South,All 2-year Institutions,4,93.5%,93.8%,94.1%,98.2%,98.5%,98.0%,97.9%,97.9%,
South,All Public Institutions,5,98.1%,98.2%,98.3%,99.8%,99.9%,99.9%,99.9%,99.9%,
South,"All Private, not-for-profit Institutions",6,94.4%,94.5%,94.8%,95.1%,95.3%,94.5%,94.8%,95.0%,
South,"All Private, for-profit Institutions",7,20.9%,24.6%,23.5%,50.3%,57.1%,54.5%,52.8%,52.8%,
South,"Public, 4-year",8,99.5%,99.7%,99.8%,99.8%,99.8%,99.8%,99.8%,99.8%,
South,"Private, not-for-profit, 4-year",9,95.0%,95.0%,95.3%,95.7%,95.8%,95.0%,95.3%,95.5%,
South,"Private, for-profit, 4-year",10,20.0%,19.3%,18.3%,70.9%,76.5%,78.4%,78.0%,78.0%,
South,"Public, PAB",11,100.0%,100.0%,100.0%,100.0%,100.0%,100.0%,100.0%,100.0%,
South,"Private, not-for-profit, PAB",12,62.8%,45.6%,47.1%,43.7%,51.3%,58.6%,60.7%,60.7%,
South,"Private, for-profit, PAB",13,48.1%,52.9%,52.1%,61.2%,0.0%,0.0%,0.0%,0.0%,
South,"Public, 2-year",14,95.3%,95.1%,95.6%,99.9%,100.0%,99.9%,100.0%,100.0%,
South,"Private, not-for-profit, 2-year",15,43.5%,44.9%,43.9%,39.3%,42.4%,37.1%,36.1%,38.0%,
South,"Private, for-profit, 2-year",16,3.0%,5.0%,4.1%,3.9%,4.7%,7.4%,6.7%,6.7%,
West,Overall,1,97.2%,97.4%,97.4%,97.5%,97.4%,97.6%,97.6%,97.7%,
West,All 4-year Institutions,2,96.8%,96.7%,96.8%,97.0%,96.9%,97.4%,97.3%,97.4%,
West,All PAB Institutions,3,94.0%,97.7%,97.7%,97.8%,98.3%,98.4%,98.9%,98.9%,
West,All 2-year Institutions,4,97.9%,98.2%,98.3%,98.1%,97.9%,97.6%,97.8%,97.8%,
West,All Public Institutions,5,99.3%,99.4%,99.4%,99.4%,99.5%,99.8%,99.7%,99.8%,
West,"All Private, not-for-profit Institutions",6,93.4%,93.8%,94.0%,95.6%,95.9%,96.5%,96.4%,96.4%,
West,"All Private, for-profit Institutions",7,61.2%,63.0%,64.6%,66.5%,65.8%,63.0%,63.9%,64.6%,
West,"Public, 4-year",8,98.8%,98.9%,98.9%,99.0%,99.1%,99.7%,99.7%,99.7%,
West,"Private, not-for-profit, 4-year",9,93.8%,94.1%,94.4%,95.9%,96.2%,96.9%,96.8%,96.8%,
West,"Private, for-profit, 4-year",10,80.5%,78.5%,78.9%,79.5%,77.1%,75.3%,74.5%,75.4%,
West,"Public, PAB",11,100.0%,100.0%,100.0%,100.0%,100.0%,100.0%,100.0%,100.0%,
West,"Private, not-for-profit, PAB",12,0.0%,.,.,.,.,.,.,.,
West,"Private, for-profit, PAB",13,0.0%,0.0%,0.0%,0.0%,0.0%,0.0%,21.1%,21.1%,
West,"Public, 2-year",14,99.6%,99.8%,99.8%,99.8%,99.8%,99.8%,99.7%,99.8%,
West,"Private, not-for-profit, 2-year",15,54.9%,59.8%,60.6%,60.2%,64.4%,70.5%,73.3%,73.3%,
West,"Private, for-profit, 2-year",16,10.6%,12.9%,12.4%,12.8%,12.8%,15.3%,17.1%,17.1%,
Alabama,Overall,1,99.3%,99.4%,99.5%,99.5%,99.5%,99.4%,99.7%,99.7%,
Alabama,All 4-year Institutions,2,99.3%,99.4%,99.6%,99.6%,99.6%,99.6%,99.5%,99.5%,
Alabama,All PAB Institutions,3,.,.,.,.,.,.,.,.,
Alabama,All 2-year Institutions,4,99.4%,99.4%,99.4%,99.4%,99.5%,99.0%,100.0%,100.0%,
Alabama,All Public Institutions,5,99.8%,99.8%,99.8%,99.8%,99.8%,99.7%,100.0%,100.0%,
Alabama,"All Private, not-for-profit Institutions",6,94.0%,95.4%,96.5%,96.4%,96.2%,96.0%,95.7%,95.7%,
Alabama,"All Private, for-profit Institutions",7,.,.,.,.,.,.,.,.,
Alabama,"Public, 4-year",8,100.0%,100.0%,100.0%,100.0%,100.0%,100.0%,100.0%,100.0%,
Alabama,"Private, not-for-profit, 4-year",9,94.0%,95.4%,96.5%,96.4%,96.2%,96.0%,95.7%,95.7%,
Alabama,"Private, for-profit, 4-year",10,.,.,.,.,.,.,.,.,
Alabama,"Public, PAB",11,.,.,.,.,.,.,.,.,
Alabama,"Private, not-for-profit, PAB",12,.,.,.,.,.,.,.,.,
Alabama,"Private, for-profit, PAB",13,.,.,.,.,.,.,.,.,
Alabama,"Public, 2-year",14,99.4%,99.4%,99.4%,99.4%,99.5%,99.0%,100.0%,100.0%,
Alabama,"Private, not-for-profit, 2-year",15,.,.,.,.,.,.,.,.,
Alabama,"Private, for-profit, 2-year",16,.,.,.,.,.,.,.,.,
Alaska,Overall,1,98.0%,97.9%,97.9%,97.5%,97.9%,98.1%,88.4%,88.4%,
Alaska,All 4-year Institutions,2,99.8%,99.8%,99.8%,99.8%,99.8%,99.8%,99.7%,99.7%,
Alaska,All PAB Institutions,3,.,.,.,.,.,.,0.0%,0.0%,
Alaska,All 2-year Institutions,4,0.0%,0.0%,0.0%,0.0%,0.0%,0.0%,0.0%,0.0%,
Alaska,All Public Institutions,5,100.0%,100.0%,100.0%,100.0%,100.0%,100.0%,100.0%,100.0%,
Alaska,"All Private, not-for-profit Institutions",6,81.4%,79.9%,79.7%,78.8%,82.0%,83.7%,81.8%,81.8%,
Alaska,"All Private, for-profit Institutions",7,0.0%,0.0%,0.0%,0.0%,0.0%,0.0%,0.0%,0.0%,
Alaska,"Public, 4-year",8,100.0%,100.0%,100.0%,100.0%,100.0%,100.0%,100.0%,100.0%,
Alaska,"Private, not-for-profit, 4-year",9,92.4%,91.8%,93.0%,92.5%,92.6%,93.8%,89.9%,89.9%,
Alaska,"Private, for-profit, 4-year",10,.,.,.,.,.,.,.,.,
Alaska,"Public, PAB",11,.,.,.,.,.,.,.,.,
Alaska,"Private, not-for-profit, PAB",12,.,.,.,.,.,.,.,.,
Alaska,"Private, for-profit, PAB",13,.,.,.,.,.,.,0.0%,0.0%,
Alaska,"Public, 2-year",14,.,.,.,.,.,.,.,.,
Alaska,"Private, not-for-profit, 2-year",15,0.0%,0.0%,0.0%,0.0%,0.0%,0.0%,0.0%,0.0%,
Alaska,"Private, for-profit, 2-year",16,0.0%,0.0%,0.0%,0.0%,0.0%,0.0%,0.0%,0.0%,
Arizona,Overall,1,99.1%,99.2%,99.3%,99.2%,99.2%,99.2%,99.2%,99.2%,
Arizona,All 4-year Institutions,2,99.3%,99.4%,99.7%,99.7%,99.7%,99.7%,99.7%,99.7%,
Arizona,All PAB Institutions,3,.,.,.,.,.,.,.,.,
Arizona,All 2-year Institutions,4,98.9%,98.7%,98.7%,98.3%,98.3%,98.2%,98.0%,98.0%,
Arizona,All Public Institutions,5,99.9%,99.9%,99.9%,99.8%,99.8%,99.8%,99.7%,99.7%,
Arizona,"All Private, not-for-profit Institutions",6,68.9%,69.4%,72.4%,67.9%,68.1%,66.5%,68.5%,68.5%,
Arizona,"All Private, for-profit Institutions",7,96.7%,97.1%,97.9%,98.2%,98.1%,98.2%,98.1%,98.1%,
Arizona,"Public, 4-year",8,100.0%,100.0%,100.0%,100.0%,100.0%,100.0%,100.0%,100.0%,
Arizona,"Private, not-for-profit, 4-year",9,68.9%,69.4%,72.4%,67.9%,68.6%,67.2%,69.3%,69.3%,
Arizona,"Private, for-profit, 4-year",10,98.6%,99.0%,99.9%,99.9%,99.8%,99.9%,99.9%,99.9%,
Arizona,"Public, PAB",11,.,.,.,.,.,.,.,.,
Arizona,"Private, not-for-profit, PAB",12,.,.,.,.,.,.,.,.,
Arizona,"Private, for-profit, PAB",13,.,.,.,.,.,.,.,.,
Arizona,"Public, 2-year",14,99.8%,99.7%,99.8%,99.4%,99.5%,99.4%,99.3%,99.3%,
Arizona,"Private, not-for-profit, 2-year",15,.,.,.,.,0.0%,0.0%,0.0%,0.0%,
Arizona,"Private, for-profit, 2-year",16,0.0%,0.0%,0.0%,0.0%,0.0%,0.0%,0.0%,0.0%,
Arkansas,Overall,1,98.5%,98.5%,98.5%,98.4%,99.0%,99.4%,99.4%,99.4%,
Arkansas,All 4-year Institutions,2,99.4%,99.1%,98.9%,98.8%,99.0%,99.7%,99.7%,99.7%,
Arkansas,All PAB Institutions,3,73.5%,100.0%,100.0%,100.0%,81.3%,85.8%,72.9%,72.9%,
Arkansas,All 2-year Institutions,4,96.8%,96.8%,97.5%,97.4%,99.2%,99.1%,99.1%,99.1%,
Arkansas,All Public Institutions,5,99.4%,99.4%,98.8%,98.8%,99.5%,100.0%,100.0%,100.0%,
Arkansas,"All Private, not-for-profit Institutions",6,91.0%,90.3%,95.3%,95.3%,95.4%,94.7%,94.4%,94.4%,
Arkansas,"All Private, for-profit Institutions",7,.,.,.,.,.,.,.,.,
Arkansas,"Public, 4-year",8,100.0%,100.0%,99.2%,99.1%,99.3%,100.0%,100.0%,100.0%,
Arkansas,"Private, not-for-profit, 4-year",9,95.1%,93.4%,96.7%,96.8%,97.7%,97.4%,97.4%,97.4%,
Arkansas,"Private, for-profit, 4-year",10,.,.,.,.,.,.,.,.,
Arkansas,"Public, PAB",11,.,.,.,.,.,.,.,.,
Arkansas,"Private, not-for-profit, PAB",12,73.5%,100.0%,100.0%,100.0%,81.3%,85.8%,72.9%,72.9%,
Arkansas,"Private, for-profit, PAB",13,.,.,.,.,.,.,.,.,
Arkansas,"Public, 2-year",14,98.0%,98.1%,98.1%,98.0%,100.0%,100.0%,100.0%,100.0%,
Arkansas,"Private, not-for-profit, 2-year",15,53.6%,50.3%,69.0%,70.4%,68.2%,58.5%,58.0%,58.0%,
Arkansas,"Private, for-profit, 2-year",16,.,.,.,.,.,.,.,.,
California,Overall,1,97.1%,97.3%,97.2%,97.1%,96.9%,96.7%,96.8%,96.8%,
California,All 4-year Institutions,2,96.5%,96.0%,95.9%,95.9%,95.6%,95.4%,95.1%,95.1%,
California,All PAB Institutions,3,0.0%,97.4%,96.8%,96.7%,97.6%,97.8%,98.7%,98.7%,
California,All 2-year Institutions,4,98.0%,98.5%,98.5%,98.3%,98.2%,97.8%,98.1%,98.1%,
California,All Public Institutions,5,99.8%,99.9%,100.0%,100.0%,100.0%,100.0%,100.0%,100.0%,
California,"All Private, not-for-profit Institutions",6,92.6%,93.0%,93.3%,94.0%,94.5%,95.0%,94.8%,94.8%,
California,"All Private, for-profit Institutions",7,34.2%,33.8%,31.7%,29.9%,29.0%,27.0%,28.2%,28.2%,
California,"Public, 4-year",8,100.0%,100.0%,100.0%,100.0%,100.0%,100.0%,100.0%,100.0%,
California,"Private, not-for-profit, 4-year",9,93.0%,93.3%,93.7%,94.4%,95.0%,95.6%,95.5%,95.5%,
California,"Private, for-profit, 4-year",10,54.4%,45.9%,43.6%,40.0%,35.8%,32.7%,30.3%,30.3%,
California,"Public, PAB",11,.,100.0%,100.0%,100.0%,100.0%,100.0%,100.0%,100.0%,
California,"Private, not-for-profit, PAB",12,0.0%,.,.,.,.,.,.,.,
California,"Private, for-profit, PAB",13,0.0%,0.0%,0.0%,0.0%,0.0%,0.0%,32.5%,32.5%,
California,"Public, 2-year",14,99.7%,99.9%,99.9%,99.9%,99.9%,99.9%,100.0%,100.0%,
California,"Private, not-for-profit, 2-year",15,0.0%,0.0%,0.0%,0.0%,0.0%,0.0%,0.0%,0.0%,
California,"Private, for-profit, 2-year",16,12.3%,16.3%,16.0%,16.8%,17.7%,19.5%,22.4%,22.4%,
Colorado,Overall,1,92.8%,92.5%,93.3%,93.2%,93.7%,96.8%,97.2%,97.2%,
Colorado,All 4-year Institutions,2,91.4%,91.6%,91.5%,91.5%,92.3%,96.6%,97.1%,97.1%,
Colorado,All PAB Institutions,3,100.0%,100.0%,100.0%,100.0%,100.0%,100.0%,100.0%,100.0%,
Colorado,All 2-year Institutions,4,95.6%,92.3%,96.5%,96.5%,95.7%,95.4%,95.5%,95.5%,
Colorado,All Public Institutions,5,94.1%,94.1%,94.1%,93.8%,94.5%,98.4%,98.5%,98.5%,
Colorado,"All Private, not-for-profit Institutions",6,99.5%,98.7%,99.1%,99.9%,99.9%,99.9%,99.9%,99.9%,
Colorado,"All Private, for-profit Institutions",7,11.8%,12.8%,27.2%,69.5%,69.8%,28.8%,30.6%,30.6%,
Colorado,"Public, 4-year",8,91.2%,91.2%,91.2%,90.9%,91.8%,97.6%,97.6%,97.6%,
Colorado,"Private, not-for-profit, 4-year",9,99.9%,99.9%,99.9%,99.9%,99.9%,99.9%,99.9%,99.9%,
Colorado,"Private, for-profit, 4-year",10,25.6%,32.8%,37.3%,80.7%,80.7%,41.3%,50.2%,50.2%,
Colorado,"Public, PAB",11,100.0%,100.0%,100.0%,100.0%,100.0%,100.0%,100.0%,100.0%,
Colorado,"Private, not-for-profit, PAB",12,.,.,.,.,.,.,.,.,
Colorado,"Private, for-profit, PAB",13,.,.,.,.,.,.,.,.,
Colorado,"Public, 2-year",14,100.0%,100.0%,100.0%,100.0%,100.0%,100.0%,100.0%,100.0%,
Colorado,"Private, not-for-profit, 2-year",15,0.0%,0.0%,0.0%,.,.,.,.,.,
Colorado,"Private, for-profit, 2-year",16,0.0%,0.0%,11.5%,11.5%,8.3%,7.2%,5.5%,5.5%,
Connecticut,Overall,1,98.6%,99.1%,99.0%,98.9%,98.8%,98.8%,98.8%,98.8%,
Connecticut,All 4-year Institutions,2,98.5%,98.8%,98.7%,98.5%,98.4%,98.4%,98.4%,98.4%,
Connecticut,All PAB Institutions,3,0.0%,.,.,.,100.0%,100.0%,100.0%,100.0%,
Connecticut,All 2-year Institutions,4,100.0%,100.0%,100.0%,100.0%,100.0%,100.0%,100.0%,100.0%,
Connecticut,All Public Institutions,5,99.1%,99.1%,99.0%,99.0%,98.9%,98.9%,98.9%,98.9%,
Connecticut,"All Private, not-for-profit Institutions",6,98.4%,99.1%,99.0%,98.9%,98.9%,98.9%,98.9%,98.9%,
Connecticut,"All Private, for-profit Institutions",7,94.0%,99.2%,.,0.0%,0.0%,0.0%,0.0%,0.0%,
Connecticut,"Public, 4-year",8,98.4%,98.4%,98.4%,98.3%,98.3%,98.3%,98.2%,98.2%,
Connecticut,"Private, not-for-profit, 4-year",9,98.4%,99.1%,99.0%,98.9%,98.8%,98.9%,98.9%,98.9%,
Connecticut,"Private, for-profit, 4-year",10,99.1%,99.2%,.,0.0%,0.0%,0.0%,0.0%,0.0%,
Connecticut,"Public, PAB",11,.,.,.,.,.,.,.,.,
Connecticut,"Private, not-for-profit, PAB",12,.,.,.,.,100.0%,100.0%,100.0%,100.0%,
Connecticut,"Private, for-profit, PAB",13,0.0%,.,.,.,.,.,.,.,
Connecticut,"Public, 2-year",14,100.0%,100.0%,100.0%,100.0%,100.0%,100.0%,100.0%,100.0%,
Connecticut,"Private, not-for-profit, 2-year",15,.,.,.,.,.,.,.,.,
Connecticut,"Private, for-profit, 2-year",16,.,.,.,.,.,.,.,.,
Delaware,Overall,1,97.0%,97.5%,97.8%,98.0%,98.0%,98.2%,98.2%,98.2%,
Delaware,All 4-year Institutions,2,96.0%,96.8%,97.1%,97.4%,97.4%,97.7%,97.7%,97.7%,
Delaware,All PAB Institutions,3,.,100.0%,100.0%,100.0%,100.0%,100.0%,100.0%,100.0%,
Delaware,All 2-year Institutions,4,100.0%,100.0%,100.0%,100.0%,100.0%,100.0%,100.0%,100.0%,
Delaware,All Public Institutions,5,100.0%,100.0%,100.0%,100.0%,100.0%,100.0%,100.0%,100.0%,
Delaware,"All Private, not-for-profit Institutions",6,89.7%,91.6%,92.3%,93.0%,92.2%,93.3%,93.2%,93.2%,
Delaware,"All Private, for-profit Institutions",7,.,.,.,.,.,.,.,.,
Delaware,"Public, 4-year",8,100.0%,100.0%,100.0%,100.0%,100.0%,100.0%,100.0%,100.0%,
Delaware,"Private, not-for-profit, 4-year",9,89.6%,91.5%,92.3%,93.0%,92.2%,93.3%,93.2%,93.2%,
Delaware,"Private, for-profit, 4-year",10,.,.,.,.,.,.,.,.,
Delaware,"Public, PAB",11,.,100.0%,100.0%,100.0%,100.0%,100.0%,100.0%,100.0%,
Delaware,"Private, not-for-profit, PAB",12,.,.,.,.,.,.,.,.,
Delaware,"Private, for-profit, PAB",13,.,.,.,.,.,.,.,.,
Delaware,"Public, 2-year",14,100.0%,.,.,.,.,.,.,.,
Delaware,"Private, not-for-profit, 2-year",15,100.0%,100.0%,100.0%,100.0%,100.0%,100.0%,100.0%,100.0%,
Delaware,"Private, for-profit, 2-year",16,.,.,.,.,.,.,.,.,
District of Columbia,Overall,1,99.3%,99.4%,99.4%,99.1%,99.1%,99.2%,99.3%,99.3%,
District of Columbia,All 4-year Institutions,2,99.8%,99.8%,99.8%,99.8%,99.8%,99.8%,99.8%,99.8%,
District of Columbia,All PAB Institutions,3,.,.,.,.,.,.,.,.,
District of Columbia,All 2-year Institutions,4,0.0%,0.0%,0.0%,0.0%,0.0%,0.0%,0.0%,0.0%,
District of Columbia,All Public Institutions,5,100.0%,100.0%,100.0%,100.0%,100.0%,100.0%,100.0%,100.0%,
District of Columbia,"All Private, not-for-profit Institutions",6,99.8%,99.8%,99.8%,99.8%,99.8%,99.8%,99.8%,99.8%,
District of Columbia,"All Private, for-profit Institutions",7,0.0%,0.0%,0.0%,0.0%,0.0%,0.0%,0.0%,0.0%,
District of Columbia,"Public, 4-year",8,100.0%,100.0%,100.0%,100.0%,100.0%,100.0%,100.0%,100.0%,
District of Columbia,"Private, not-for-profit, 4-year",9,99.8%,99.8%,99.8%,99.8%,99.8%,99.8%,99.8%,99.8%,
District of Columbia,"Private, for-profit, 4-year",10,.,.,.,.,.,.,.,.,
District of Columbia,"Public, PAB",11,.,.,.,.,.,.,.,.,
District of Columbia,"Private, not-for-profit, PAB",12,.,.,.,.,.,.,.,.,
District of Columbia,"Private, for-profit, PAB",13,.,.,.,.,.,.,.,.,
District of Columbia,"Public, 2-year",14,.,.,.,.,.,.,.,.,
District of Columbia,"Private, not-for-profit, 2-year",15,.,.,.,.,.,.,.,.,
District of Columbia,"Private, for-profit, 2-year",16,0.0%,0.0%,0.0%,0.0%,0.0%,0.0%,0.0%,0.0%,
Florida,Overall,1,93.1%,93.2%,93.2%,95.3%,95.4%,94.6%,94.4%,94.4%,
Florida,All 4-year Institutions,2,91.1%,91.0%,91.2%,95.1%,94.2%,93.2%,92.9%,92.9%,
Florida,All PAB Institutions,3,97.4%,97.7%,97.7%,98.4%,99.9%,100.0%,99.9%,99.9%,
Florida,All 2-year Institutions,4,79.5%,70.2%,68.2%,62.6%,64.5%,61.6%,61.7%,61.7%,
Florida,All Public Institutions,5,99.8%,99.8%,100.0%,100.0%,100.0%,100.0%,100.0%,100.0%,
Florida,"All Private, not-for-profit Institutions",6,84.1%,83.3%,83.7%,82.7%,83.5%,80.1%,79.2%,79.2%,
Florida,"All Private, for-profit Institutions",7,0.9%,0.5%,0.4%,58.4%,59.5%,60.3%,60.0%,60.0%,
Florida,"Public, 4-year",8,99.6%,99.6%,100.0%,100.0%,100.0%,100.0%,100.0%,100.0%,
Florida,"Private, not-for-profit, 4-year",9,85.1%,84.4%,84.6%,83.9%,84.3%,80.5%,79.7%,79.7%,
Florida,"Private, for-profit, 4-year",10,1.6%,0.9%,0.8%,91.4%,76.2%,80.4%,80.9%,80.9%,
Florida,"Public, PAB",11,100.0%,100.0%,100.0%,100.0%,100.0%,100.0%,100.0%,100.0%,
Florida,"Private, not-for-profit, PAB",12,71.8%,35.9%,43.0%,41.0%,53.2%,100.0%,100.0%,100.0%,
Florida,"Private, for-profit, PAB",13,0.0%,0.0%,0.0%,0.0%,.,0.0%,0.0%,0.0%,
Florida,"Public, 2-year",14,100.0%,100.0%,100.0%,100.0%,100.0%,100.0%,100.0%,100.0%,
Florida,"Private, not-for-profit, 2-year",15,0.0%,0.0%,0.0%,0.0%,0.0%,0.0%,0.0%,0.0%,
Florida,"Private, for-profit, 2-year",16,0.0%,0.0%,0.0%,0.0%,0.0%,0.0%,0.0%,0.0%,
Georgia,Overall,1,97.4%,99.2%,99.2%,99.6%,99.6%,99.4%,99.3%,99.3%,
Georgia,All 4-year Institutions,2,97.3%,99.2%,99.2%,99.8%,99.8%,99.7%,99.7%,99.7%,
Georgia,All PAB Institutions,3,100.0%,100.0%,100.0%,100.0%,100.0%,100.0%,100.0%,100.0%,
Georgia,All 2-year Institutions,4,97.0%,98.9%,98.8%,98.7%,98.9%,97.7%,97.7%,97.8%,
Georgia,All Public Institutions,5,97.9%,100.0%,100.0%,100.0%,100.0%,100.0%,100.0%,100.0%,
Georgia,"All Private, not-for-profit Institutions",6,95.7%,95.6%,95.4%,98.1%,98.3%,97.9%,97.9%,98.1%,
Georgia,"All Private, for-profit Institutions",7,38.5%,38.6%,32.4%,31.2%,35.8%,17.2%,15.6%,15.6%,
Georgia,"Public, 4-year",8,97.6%,100.0%,100.0%,100.0%,100.0%,100.0%,100.0%,100.0%,
Georgia,"Private, not-for-profit, 4-year",9,96.3%,96.2%,96.1%,98.8%,98.9%,98.7%,98.6%,98.6%,
Georgia,"Private, for-profit, 4-year",10,100.0%,100.0%,100.0%,100.0%,100.0%,100.0%,100.0%,100.0%,
Georgia,"Public, PAB",11,100.0%,100.0%,100.0%,100.0%,100.0%,100.0%,100.0%,100.0%,
Georgia,"Private, not-for-profit, PAB",12,.,100.0%,100.0%,100.0%,100.0%,100.0%,100.0%,100.0%,
Georgia,"Private, for-profit, PAB",13,.,.,.,.,.,.,.,.,
Georgia,"Public, 2-year",14,98.3%,100.0%,100.0%,100.0%,100.0%,100.0%,100.0%,100.0%,
Georgia,"Private, not-for-profit, 2-year",15,36.1%,0.0%,0.0%,0.0%,0.0%,0.0%,0.0%,25.0%,
Georgia,"Private, for-profit, 2-year",16,0.0%,0.0%,0.0%,0.0%,0.0%,0.0%,0.0%,0.0%,
Hawaii,Overall,1,98.6%,98.5%,98.6%,99.4%,99.1%,99.2%,99.3%,99.3%,
Hawaii,All 4-year Institutions,2,99.3%,99.4%,99.4%,99.4%,99.4%,99.5%,99.4%,99.4%,
Hawaii,All PAB Institutions,3,100.0%,100.0%,100.0%,100.0%,100.0%,100.0%,100.0%,100.0%,
Hawaii,All 2-year Institutions,4,97.5%,97.2%,97.4%,99.3%,98.4%,98.7%,99.0%,99.0%,
Hawaii,All Public Institutions,5,100.0%,100.0%,100.0%,100.0%,100.0%,100.0%,100.0%,100.0%,
Hawaii,"All Private, not-for-profit Institutions",6,98.0%,98.4%,98.5%,98.5%,98.6%,98.7%,98.4%,98.4%,
Hawaii,"All Private, for-profit Institutions",7,0.0%,0.0%,0.0%,0.0%,0.0%,0.0%,0.0%,0.0%,
Hawaii,"Public, 4-year",8,100.0%,100.0%,100.0%,100.0%,100.0%,100.0%,100.0%,100.0%,
Hawaii,"Private, not-for-profit, 4-year",9,98.0%,98.4%,98.5%,98.5%,98.6%,98.7%,98.4%,98.4%,
Hawaii,"Private, for-profit, 4-year",10,0.0%,0.0%,0.0%,0.0%,0.0%,0.0%,0.0%,0.0%,
Hawaii,"Public, PAB",11,100.0%,100.0%,100.0%,100.0%,100.0%,100.0%,100.0%,100.0%,
Hawaii,"Private, not-for-profit, PAB",12,.,.,.,.,.,.,.,.,
Hawaii,"Private, for-profit, PAB",13,.,.,.,.,.,.,.,.,
Hawaii,"Public, 2-year",14,100.0%,100.0%,100.0%,100.0%,100.0%,100.0%,100.0%,100.0%,
Hawaii,"Private, not-for-profit, 2-year",15,.,.,.,.,.,.,.,.,
Hawaii,"Private, for-profit, 2-year",16,0.0%,0.0%,0.0%,0.0%,0.0%,0.0%,0.0%,0.0%,
Idaho,Overall,1,99.9%,99.9%,99.9%,99.9%,99.9%,99.9%,99.9%,99.9%,
Idaho,All 4-year Institutions,2,99.9%,99.9%,99.9%,99.9%,99.9%,99.9%,99.9%,99.9%,
Idaho,All PAB Institutions,3,.,.,.,.,.,.,.,.,
Idaho,All 2-year Institutions,4,100.0%,100.0%,100.0%,100.0%,100.0%,100.0%,100.0%,100.0%,
Idaho,All Public Institutions,5,100.0%,100.0%,100.0%,100.0%,100.0%,100.0%,100.0%,100.0%,
Idaho,"All Private, not-for-profit Institutions",6,99.8%,99.8%,99.8%,99.8%,99.8%,99.8%,99.8%,99.8%,
Idaho,"All Private, for-profit Institutions",7,.,.,.,.,.,.,.,.,
Idaho,"Public, 4-year",8,100.0%,100.0%,100.0%,100.0%,100.0%,100.0%,100.0%,100.0%,
Idaho,"Private, not-for-profit, 4-year",9,99.8%,99.8%,99.8%,99.8%,99.8%,99.8%,99.8%,99.8%,
Idaho,"Private, for-profit, 4-year",10,.,.,.,.,.,.,.,.,
Idaho,"Public, PAB",11,.,.,.,.,.,.,.,.,
Idaho,"Private, not-for-profit, PAB",12,.,.,.,.,.,.,.,.,
Idaho,"Private, for-profit, PAB",13,.,.,.,.,.,.,.,.,
Idaho,"Public, 2-year",14,100.0%,100.0%,100.0%,100.0%,100.0%,100.0%,100.0%,100.0%,
Idaho,"Private, not-for-profit, 2-year",15,.,.,.,.,.,.,.,.,
Idaho,"Private, for-profit, 2-year",16,.,.,.,.,.,.,.,.,
Illinois,Overall,1,97.3%,97.8%,97.9%,98.2%,99.1%,99.3%,99.4%,99.4%,
Illinois,All 4-year Institutions,2,98.4%,98.6%,98.8%,99.3%,99.1%,99.4%,99.5%,99.5%,
Illinois,All PAB Institutions,3,0.0%,0.0%,0.0%,0.0%,100.0%,100.0%,100.0%,100.0%,
Illinois,All 2-year Institutions,4,96.8%,97.3%,97.3%,97.3%,99.2%,99.3%,99.3%,99.3%,
Illinois,All Public Institutions,5,98.7%,98.8%,98.9%,99.0%,100.0%,100.0%,100.0%,100.0%,
Illinois,"All Private, not-for-profit Institutions",6,96.1%,96.5%,96.6%,97.6%,98.3%,98.7%,98.9%,98.9%,
Illinois,"All Private, for-profit Institutions",7,0.0%,21.3%,24.0%,18.1%,20.9%,24.1%,21.4%,21.4%,
Illinois,"Public, 4-year",8,100.0%,100.0%,100.0%,100.0%,100.0%,100.0%,100.0%,100.0%,
Illinois,"Private, not-for-profit, 4-year",9,97.4%,97.6%,97.7%,98.8%,98.4%,98.9%,99.1%,99.1%,
Illinois,"Private, for-profit, 4-year",10,0.0%,0.0%,0.0%,0.0%,54.6%,61.5%,61.9%,61.9%,
Illinois,"Public, PAB",11,.,.,.,.,.,.,.,.,
Illinois,"Private, not-for-profit, PAB",12,0.0%,0.0%,0.0%,0.0%,100.0%,100.0%,100.0%,100.0%,
Illinois,"Private, for-profit, PAB",13,0.0%,.,.,.,.,.,.,.,
Illinois,"Public, 2-year",14,97.8%,98.0%,98.1%,98.2%,100.0%,100.0%,100.0%,100.0%,
Illinois,"Private, not-for-profit, 2-year",15,0.0%,0.0%,0.0%,0.0%,0.0%,0.0%,19.5%,19.5%,
Illinois,"Private, for-profit, 2-year",16,0.0%,25.5%,26.1%,19.9%,0.0%,0.0%,0.0%,0.0%,
Indiana,Overall,1,96.6%,96.7%,96.6%,96.6%,96.9%,99.4%,99.1%,99.1%,
Indiana,All 4-year Institutions,2,95.8%,95.9%,95.7%,95.7%,95.9%,99.4%,99.3%,99.3%,
Indiana,All PAB Institutions,3,97.1%,100.0%,100.0%,100.0%,100.0%,100.0%,100.0%,100.0%,
Indiana,All 2-year Institutions,4,99.4%,99.2%,99.4%,99.4%,99.3%,99.3%,98.4%,98.4%,
Indiana,All Public Institutions,5,100.0%,100.0%,100.0%,100.0%,100.0%,100.0%,100.0%,100.0%,
Indiana,"All Private, not-for-profit Institutions",6,85.9%,86.6%,85.6%,85.9%,86.3%,98.2%,98.1%,98.1%,
Indiana,"All Private, for-profit Institutions",7,0.0%,0.0%,0.0%,0.0%,0.0%,0.0%,0.0%,0.0%,
Indiana,"Public, 4-year",8,100.0%,100.0%,100.0%,100.0%,100.0%,100.0%,100.0%,100.0%,
Indiana,"Private, not-for-profit, 4-year",9,85.8%,86.6%,85.5%,85.8%,86.3%,98.2%,98.1%,98.1%,
Indiana,"Private, for-profit, 4-year",10,0.0%,0.0%,0.0%,0.0%,0.0%,0.0%,0.0%,0.0%,
Indiana,"Public, PAB",11,100.0%,100.0%,100.0%,100.0%,100.0%,100.0%,100.0%,100.0%,
Indiana,"Private, not-for-profit, PAB",12,.,.,.,.,.,.,.,.,
Indiana,"Private, for-profit, PAB",13,0.0%,.,.,.,.,.,.,.,
Indiana,"Public, 2-year",14,100.0%,100.0%,100.0%,100.0%,100.0%,100.0%,100.0%,100.0%,
Indiana,"Private, not-for-profit, 2-year",15,100.0%,100.0%,100.0%,100.0%,.,.,.,.,
Indiana,"Private, for-profit, 2-year",16,0.0%,0.0%,0.0%,0.0%,0.0%,0.0%,0.0%,0.0%,
Iowa,Overall,1,99.6%,99.6%,99.6%,99.5%,99.5%,99.1%,99.5%,99.5%,
Iowa,All 4-year Institutions,2,99.3%,99.3%,99.3%,99.1%,99.2%,98.5%,99.1%,99.1%,
Iowa,All PAB Institutions,3,.,.,.,.,.,.,.,.,
Iowa,All 2-year Institutions,4,100.0%,100.0%,100.0%,100.0%,100.0%,100.0%,100.0%,100.0%,
Iowa,All Public Institutions,5,100.0%,100.0%,100.0%,100.0%,100.0%,100.0%,100.0%,100.0%,
Iowa,"All Private, not-for-profit Institutions",6,98.5%,98.5%,98.4%,98.0%,98.1%,96.3%,97.9%,97.9%,
Iowa,"All Private, for-profit Institutions",7,94.9%,95.9%,95.8%,96.2%,96.1%,97.4%,97.3%,97.3%,
Iowa,"Public, 4-year",8,100.0%,100.0%,100.0%,100.0%,100.0%,100.0%,100.0%,100.0%,
Iowa,"Private, not-for-profit, 4-year",9,98.5%,98.5%,98.4%,98.0%,98.1%,96.3%,97.9%,97.9%,
Iowa,"Private, for-profit, 4-year",10,94.9%,95.9%,95.8%,96.2%,96.1%,97.4%,97.3%,97.3%,
Iowa,"Public, PAB",11,.,.,.,.,.,.,.,.,
Iowa,"Private, not-for-profit, PAB",12,.,.,.,.,.,.,.,.,
Iowa,"Private, for-profit, PAB",13,.,.,.,.,.,.,.,.,
Iowa,"Public, 2-year",14,100.0%,100.0%,100.0%,100.0%,100.0%,100.0%,100.0%,100.0%,
Iowa,"Private, not-for-profit, 2-year",15,.,.,.,.,.,.,.,.,
Iowa,"Private, for-profit, 2-year",16,.,.,.,.,.,.,.,.,
Kansas,Overall,1,98.8%,99.4%,99.4%,99.2%,99.3%,99.4%,99.8%,99.8%,
Kansas,All 4-year Institutions,2,99.6%,99.6%,99.7%,99.7%,99.7%,99.8%,99.7%,99.7%,
Kansas,All PAB Institutions,3,100.0%,100.0%,100.0%,100.0%,100.0%,100.0%,100.0%,100.0%,
Kansas,All 2-year Institutions,4,97.7%,99.0%,98.9%,98.3%,98.6%,98.7%,100.0%,100.0%,
Kansas,All Public Institutions,5,99.5%,100.0%,100.0%,100.0%,100.0%,100.0%,100.0%,100.0%,
Kansas,"All Private, not-for-profit Institutions",6,97.6%,97.8%,98.5%,98.4%,98.5%,98.6%,98.6%,98.6%,
Kansas,"All Private, for-profit Institutions",7,0.0%,0.0%,0.0%,0.0%,0.0%,0.0%,.,.,
Kansas,"Public, 4-year",8,100.0%,100.0%,100.0%,100.0%,100.0%,100.0%,100.0%,100.0%,
Kansas,"Private, not-for-profit, 4-year",9,97.5%,97.7%,98.4%,98.3%,98.4%,98.6%,98.5%,98.5%,
Kansas,"Private, for-profit, 4-year",10,.,.,.,.,.,.,.,.,
Kansas,"Public, PAB",11,.,.,.,.,.,.,.,.,
Kansas,"Private, not-for-profit, PAB",12,100.0%,100.0%,100.0%,100.0%,100.0%,100.0%,100.0%,100.0%,
Kansas,"Private, for-profit, PAB",13,.,.,.,.,.,.,.,.,
Kansas,"Public, 2-year",14,98.9%,100.0%,100.0%,100.0%,100.0%,100.0%,100.0%,100.0%,
Kansas,"Private, not-for-profit, 2-year",15,100.0%,.,.,.,.,.,.,.,
Kansas,"Private, for-profit, 2-year",16,0.0%,0.0%,0.0%,0.0%,0.0%,0.0%,.,.,
Kentucky,Overall,1,99.0%,99.3%,99.3%,99.4%,99.4%,98.4%,98.2%,98.2%,
Kentucky,All 4-year Institutions,2,98.9%,99.3%,99.4%,99.4%,99.2%,97.9%,97.6%,97.6%,
Kentucky,All PAB Institutions,3,0.0%,69.7%,77.3%,78.1%,.,.,.,.,
Kentucky,All 2-year Institutions,4,99.6%,99.7%,99.5%,99.5%,99.7%,99.5%,99.7%,99.7%,
Kentucky,All Public Institutions,5,100.0%,100.0%,100.0%,100.0%,100.0%,100.0%,100.0%,100.0%,
Kentucky,"All Private, not-for-profit Institutions",6,97.4%,97.8%,98.0%,98.2%,97.9%,98.0%,97.9%,97.9%,
Kentucky,"All Private, for-profit Institutions",7,72.0%,88.7%,86.7%,87.7%,87.7%,18.0%,15.0%,15.0%,
Kentucky,"Public, 4-year",8,100.0%,100.0%,100.0%,100.0%,100.0%,100.0%,100.0%,100.0%,
Kentucky,"Private, not-for-profit, 4-year",9,97.4%,97.8%,98.0%,98.2%,97.9%,98.0%,97.9%,97.9%,
Kentucky,"Private, for-profit, 4-year",10,81.7%,100.0%,100.0%,100.0%,93.2%,20.0%,16.1%,16.1%,
Kentucky,"Public, PAB",11,.,.,.,.,.,.,.,.,
Kentucky,"Private, not-for-profit, PAB",12,.,.,.,.,.,.,.,.,
Kentucky,"Private, for-profit, PAB",13,0.0%,69.7%,77.3%,78.1%,.,.,.,.,
Kentucky,"Public, 2-year",14,100.0%,100.0%,100.0%,100.0%,100.0%,100.0%,100.0%,100.0%,
Kentucky,"Private, not-for-profit, 2-year",15,.,.,.,.,.,.,.,.,
Kentucky,"Private, for-profit, 2-year",16,0.0%,0.0%,0.0%,0.0%,0.0%,0.0%,0.0%,0.0%,
Louisiana,Overall,1,98.9%,99.7%,99.7%,99.7%,99.6%,99.2%,99.3%,99.3%,
Louisiana,All 4-year Institutions,2,99.9%,99.9%,99.9%,99.9%,99.9%,99.9%,99.9%,99.9%,
Louisiana,All PAB Institutions,3,.,.,.,.,.,.,.,.,
Louisiana,All 2-year Institutions,4,96.2%,99.2%,99.2%,99.0%,98.5%,97.2%,97.5%,97.5%,
Louisiana,All Public Institutions,5,99.1%,100.0%,100.0%,100.0%,100.0%,100.0%,100.0%,100.0%,
Louisiana,"All Private, not-for-profit Institutions",6,99.4%,99.2%,99.1%,99.1%,99.1%,99.2%,99.1%,99.1%,
Louisiana,"All Private, for-profit Institutions",7,51.8%,60.4%,60.5%,57.3%,42.8%,23.4%,24.9%,24.9%,
Louisiana,"Public, 4-year",8,100.0%,100.0%,100.0%,100.0%,100.0%,100.0%,100.0%,100.0%,
Louisiana,"Private, not-for-profit, 4-year",9,99.4%,99.5%,99.5%,99.6%,99.6%,99.6%,99.6%,99.6%,
Louisiana,"Private, for-profit, 4-year",10,.,.,.,.,.,.,.,.,
Louisiana,"Public, PAB",11,.,.,.,.,.,.,.,.,
Louisiana,"Private, not-for-profit, PAB",12,.,.,.,.,.,.,.,.,
Louisiana,"Private, for-profit, PAB",13,.,.,.,.,.,.,.,.,
Louisiana,"Public, 2-year",14,97.0%,100.0%,100.0%,100.0%,100.0%,100.0%,100.0%,100.0%,
Louisiana,"Private, not-for-profit, 2-year",15,.,0.0%,0.0%,0.0%,0.0%,0.0%,0.0%,0.0%,
Louisiana,"Private, for-profit, 2-year",16,51.8%,60.4%,60.5%,57.3%,42.8%,23.4%,24.9%,24.9%,
Maine,Overall,1,98.2%,98.3%,98.2%,98.9%,98.8%,98.9%,98.8%,98.8%,
Maine,All 4-year Institutions,2,98.5%,98.6%,98.7%,99.9%,99.5%,99.4%,99.5%,99.5%,
Maine,All PAB Institutions,3,.,.,.,.,.,.,.,.,
Maine,All 2-year Institutions,4,97.2%,97.4%,96.5%,95.5%,96.3%,97.4%,97.2%,97.2%,
Maine,All Public Institutions,5,98.5%,98.6%,98.6%,100.0%,100.0%,100.0%,100.0%,100.0%,
Maine,"All Private, not-for-profit Institutions",6,98.6%,98.6%,98.9%,98.7%,98.6%,98.4%,98.5%,98.5%,
Maine,"All Private, for-profit Institutions",7,0.0%,0.0%,0.0%,0.0%,0.0%,0.0%,0.0%,0.0%,
Maine,"Public, 4-year",8,97.7%,97.8%,97.9%,100.0%,100.0%,100.0%,100.0%,100.0%,
Maine,"Private, not-for-profit, 4-year",9,99.7%,99.7%,99.9%,99.9%,98.8%,98.6%,98.7%,98.7%,
Maine,"Private, for-profit, 4-year",10,.,.,.,.,.,.,.,.,
Maine,"Public, PAB",11,.,.,.,.,.,.,.,.,
Maine,"Private, not-for-profit, PAB",12,.,.,.,.,.,.,.,.,
Maine,"Private, for-profit, PAB",13,.,.,.,.,.,.,.,.,
Maine,"Public, 2-year",14,100.0%,100.0%,100.0%,100.0%,100.0%,100.0%,100.0%,100.0%,
Maine,"Private, not-for-profit, 2-year",15,0.0%,0.0%,0.0%,0.0%,0.0%,0.0%,0.0%,0.0%,
Maine,"Private, for-profit, 2-year",16,0.0%,0.0%,0.0%,0.0%,0.0%,0.0%,0.0%,0.0%,
Maryland,Overall,1,97.8%,98.1%,98.0%,98.3%,98.2%,98.0%,98.0%,98.0%,
Maryland,All 4-year Institutions,2,97.5%,97.5%,97.5%,97.5%,97.4%,97.4%,97.4%,97.4%,
Maryland,All PAB Institutions,3,.,.,.,.,.,.,.,.,
Maryland,All 2-year Institutions,4,98.5%,99.4%,99.2%,100.0%,100.0%,99.4%,99.4%,99.4%,
Maryland,All Public Institutions,5,98.5%,98.5%,98.5%,98.4%,98.4%,98.4%,98.4%,98.4%,
Maryland,"All Private, not-for-profit Institutions",6,97.3%,97.3%,97.1%,97.4%,97.3%,97.3%,97.0%,97.0%,
Maryland,"All Private, for-profit Institutions",7,0.0%,0.0%,0.0%,.,.,0.0%,0.0%,0.0%,
Maryland,"Public, 4-year",8,97.6%,97.6%,97.6%,97.5%,97.5%,97.5%,97.6%,97.6%,
Maryland,"Private, not-for-profit, 4-year",9,97.3%,97.3%,97.1%,97.4%,97.3%,97.3%,97.0%,97.0%,
Maryland,"Private, for-profit, 4-year",10,.,.,.,.,.,.,.,.,
Maryland,"Public, PAB",11,.,.,.,.,.,.,.,.,
Maryland,"Private, not-for-profit, PAB",12,.,.,.,.,.,.,.,.,
Maryland,"Private, for-profit, PAB",13,.,.,.,.,.,.,.,.,
Maryland,"Public, 2-year",14,100.0%,100.0%,100.0%,100.0%,100.0%,100.0%,100.0%,100.0%,
Maryland,"Private, not-for-profit, 2-year",15,.,.,.,.,.,.,.,.,
Maryland,"Private, for-profit, 2-year",16,0.0%,0.0%,0.0%,.,.,0.0%,0.0%,0.0%,
Massachusetts,Overall,1,97.6%,98.1%,98.4%,98.5%,98.9%,98.9%,98.8%,99.1%,
Massachusetts,All 4-year Institutions,2,97.1%,97.8%,98.2%,98.3%,98.7%,98.7%,98.6%,99.0%,
Massachusetts,All PAB Institutions,3,100.0%,76.9%,76.8%,77.5%,100.0%,100.0%,100.0%,100.0%,
Massachusetts,All 2-year Institutions,4,99.9%,99.9%,99.9%,99.9%,99.9%,99.8%,99.8%,99.8%,
Massachusetts,All Public Institutions,5,99.5%,99.4%,99.4%,99.3%,99.3%,99.2%,99.2%,100.0%,
Massachusetts,"All Private, not-for-profit Institutions",6,96.3%,97.1%,97.7%,97.9%,98.6%,98.6%,98.5%,98.5%,
Massachusetts,"All Private, for-profit Institutions",7,87.9%,87.4%,85.9%,87.4%,77.2%,65.5%,0.0%,0.0%,
Massachusetts,"Public, 4-year",8,99.1%,99.0%,99.0%,98.9%,98.9%,98.8%,98.8%,100.0%,
Massachusetts,"Private, not-for-profit, 4-year",9,96.2%,97.2%,97.8%,98.0%,98.6%,98.6%,98.5%,98.5%,
Massachusetts,"Private, for-profit, 4-year",10,.,100.0%,100.0%,100.0%,100.0%,100.0%,.,.,
Massachusetts,"Public, PAB",11,.,.,.,.,.,.,.,.,
Massachusetts,"Private, not-for-profit, PAB",12,100.0%,76.9%,76.8%,77.5%,100.0%,100.0%,100.0%,100.0%,
Massachusetts,"Private, for-profit, PAB",13,100.0%,.,.,.,.,.,.,.,
Massachusetts,"Public, 2-year",14,100.0%,100.0%,100.0%,100.0%,100.0%,100.0%,100.0%,100.0%,
Massachusetts,"Private, not-for-profit, 2-year",15,100.0%,100.0%,100.0%,100.0%,100.0%,100.0%,100.0%,100.0%,
Massachusetts,"Private, for-profit, 2-year",16,0.0%,0.0%,0.0%,0.0%,0.0%,0.0%,0.0%,0.0%,
Michigan,Overall,1,99.1%,99.2%,99.1%,99.1%,99.2%,99.2%,98.9%,98.9%,
Michigan,All 4-year Institutions,2,99.2%,99.2%,99.1%,99.4%,99.3%,99.4%,99.4%,99.4%,
Michigan,All PAB Institutions,3,96.5%,100.0%,100.0%,100.0%,100.0%,100.0%,100.0%,100.0%,
Michigan,All 2-year Institutions,4,99.4%,99.1%,98.8%,98.3%,98.6%,98.5%,97.6%,97.6%,
Michigan,All Public Institutions,5,100.0%,100.0%,100.0%,100.0%,100.0%,100.0%,100.0%,100.0%,
Michigan,"All Private, not-for-profit Institutions",6,95.2%,95.9%,95.6%,96.6%,96.4%,96.4%,96.3%,96.3%,
Michigan,"All Private, for-profit Institutions",7,0.0%,0.0%,0.0%,0.0%,0.0%,0.0%,0.0%,0.0%,
Michigan,"Public, 4-year",8,100.0%,100.0%,100.0%,100.0%,100.0%,100.0%,100.0%,100.0%,
Michigan,"Private, not-for-profit, 4-year",9,95.6%,95.2%,95.0%,96.3%,96.4%,96.4%,96.3%,96.3%,
Michigan,"Private, for-profit, 4-year",10,.,.,.,.,.,.,.,.,
Michigan,"Public, PAB",11,100.0%,100.0%,100.0%,100.0%,100.0%,100.0%,100.0%,100.0%,
Michigan,"Private, not-for-profit, PAB",12,93.1%,100.0%,100.0%,100.0%,.,.,.,.,
Michigan,"Private, for-profit, PAB",13,.,.,.,.,.,.,.,.,
Michigan,"Public, 2-year",14,100.0%,100.0%,100.0%,100.0%,100.0%,100.0%,100.0%,100.0%,
Michigan,"Private, not-for-profit, 2-year",15,.,.,.,.,.,.,.,.,
Michigan,"Private, for-profit, 2-year",16,0.0%,0.0%,0.0%,0.0%,0.0%,0.0%,0.0%,0.0%,
Minnesota,Overall,1,99.3%,99.3%,99.4%,99.4%,99.4%,99.5%,99.5%,99.5%,
Minnesota,All 4-year Institutions,2,99.4%,99.2%,99.2%,99.2%,99.2%,99.3%,99.3%,99.3%,
Minnesota,All PAB Institutions,3,92.1%,100.0%,100.0%,100.0%,100.0%,100.0%,100.0%,100.0%,
Minnesota,All 2-year Institutions,4,99.4%,99.6%,99.8%,99.9%,99.9%,99.8%,99.8%,99.8%,
Minnesota,All Public Institutions,5,99.9%,99.9%,99.9%,100.0%,99.9%,99.9%,99.9%,99.9%,
Minnesota,"All Private, not-for-profit Institutions",6,98.1%,98.0%,98.2%,98.0%,98.0%,98.2%,98.3%,98.3%,
Minnesota,"All Private, for-profit Institutions",7,0.0%,0.0%,0.0%,0.0%,0.0%,0.0%,0.0%,0.0%,
Minnesota,"Public, 4-year",8,100.0%,100.0%,100.0%,100.0%,100.0%,100.0%,100.0%,100.0%,
Minnesota,"Private, not-for-profit, 4-year",9,98.2%,98.2%,98.2%,98.0%,97.9%,98.2%,98.3%,98.3%,
Minnesota,"Private, for-profit, 4-year",10,0.0%,0.0%,0.0%,0.0%,0.0%,0.0%,0.0%,0.0%,
Minnesota,"Public, PAB",11,.,.,.,.,.,.,.,.,
Minnesota,"Private, not-for-profit, PAB",12,100.0%,100.0%,100.0%,100.0%,100.0%,100.0%,100.0%,100.0%,
Minnesota,"Private, for-profit, PAB",13,0.0%,.,.,.,.,.,.,.,
Minnesota,"Public, 2-year",14,99.8%,99.9%,99.9%,99.9%,99.9%,99.8%,99.8%,99.8%,
Minnesota,"Private, not-for-profit, 2-year",15,0.0%,0.0%,100.0%,100.0%,100.0%,100.0%,100.0%,100.0%,
Minnesota,"Private, for-profit, 2-year",16,0.0%,0.0%,0.0%,0.0%,.,.,.,.,
Mississippi,Overall,1,99.9%,99.9%,99.9%,99.9%,99.8%,99.8%,99.9%,99.9%,
Mississippi,All 4-year Institutions,2,99.9%,99.9%,99.8%,99.8%,99.7%,99.8%,99.8%,99.8%,
Mississippi,All PAB Institutions,3,.,.,.,.,0.0%,0.0%,0.0%,0.0%,
Mississippi,All 2-year Institutions,4,100.0%,100.0%,100.0%,100.0%,100.0%,100.0%,100.0%,100.0%,
Mississippi,All Public Institutions,5,100.0%,100.0%,100.0%,100.0%,100.0%,100.0%,100.0%,100.0%,
Mississippi,"All Private, not-for-profit Institutions",6,99.4%,99.2%,98.9%,98.8%,98.1%,98.3%,98.6%,98.6%,
Mississippi,"All Private, for-profit Institutions",7,.,.,.,.,.,.,.,.,
Mississippi,"Public, 4-year",8,100.0%,100.0%,100.0%,100.0%,100.0%,100.0%,100.0%,100.0%,
Mississippi,"Private, not-for-profit, 4-year",9,99.4%,99.2%,98.9%,98.8%,98.6%,98.9%,99.0%,99.0%,
Mississippi,"Private, for-profit, 4-year",10,.,.,.,.,.,.,.,.,
Mississippi,"Public, PAB",11,.,.,.,.,.,.,.,.,
Mississippi,"Private, not-for-profit, PAB",12,.,.,.,.,0.0%,0.0%,0.0%,0.0%,
Mississippi,"Private, for-profit, PAB",13,.,.,.,.,.,.,.,.,
Mississippi,"Public, 2-year",14,100.0%,100.0%,100.0%,100.0%,100.0%,100.0%,100.0%,100.0%,
Mississippi,"Private, not-for-profit, 2-year",15,.,.,.,.,.,.,.,.,
Mississippi,"Private, for-profit, 2-year",16,.,.,.,.,.,.,.,.,
Missouri,Overall,1,97.1%,96.8%,96.5%,97.1%,97.1%,97.1%,98.2%,98.2%,
Missouri,All 4-year Institutions,2,97.3%,97.0%,96.8%,97.3%,97.3%,97.3%,98.7%,98.7%,
Missouri,All PAB Institutions,3,76.1%,86.2%,87.5%,100.0%,100.0%,100.0%,100.0%,100.0%,
Missouri,All 2-year Institutions,4,96.7%,96.6%,96.1%,96.2%,96.3%,96.4%,96.3%,96.3%,
Missouri,All Public Institutions,5,99.5%,99.4%,99.2%,99.2%,99.1%,99.0%,98.9%,98.9%,
Missouri,"All Private, not-for-profit Institutions",6,94.3%,93.2%,92.8%,94.6%,94.5%,94.5%,97.6%,97.6%,
Missouri,"All Private, for-profit Institutions",7,14.2%,20.2%,19.9%,20.2%,22.1%,25.9%,25.5%,25.5%,
Missouri,"Public, 4-year",8,100.0%,100.0%,100.0%,100.0%,100.0%,100.0%,100.0%,100.0%,
Missouri,"Private, not-for-profit, 4-year",9,94.5%,93.5%,93.0%,94.6%,94.5%,94.5%,97.7%,97.7%,
Missouri,"Private, for-profit, 4-year",10,71.7%,74.8%,75.7%,36.6%,37.2%,38.3%,36.6%,36.6%,
Missouri,"Public, PAB",11,.,.,.,.,.,.,.,.,
Missouri,"Private, not-for-profit, PAB",12,85.9%,86.2%,87.5%,100.0%,100.0%,100.0%,100.0%,100.0%,
Missouri,"Private, for-profit, PAB",13,0.0%,.,.,.,.,.,.,.,
Missouri,"Public, 2-year",14,98.6%,98.3%,97.9%,97.7%,97.5%,97.0%,97.0%,97.0%,
Missouri,"Private, not-for-profit, 2-year",15,54.4%,0.0%,0.0%,0.0%,0.0%,0.0%,0.0%,0.0%,
Missouri,"Private, for-profit, 2-year",16,0.0%,0.0%,0.0%,0.0%,0.0%,0.0%,0.0%,0.0%,
Montana,Overall,1,95.7%,97.0%,97.5%,99.0%,99.0%,98.8%,98.9%,98.9%,
Montana,All 4-year Institutions,2,96.8%,98.3%,98.3%,99.9%,99.9%,99.1%,99.3%,99.3%,
Montana,All PAB Institutions,3,.,.,.,.,.,.,.,.,
Montana,All 2-year Institutions,4,89.3%,89.9%,92.8%,93.4%,93.8%,96.8%,96.7%,96.7%,
Montana,All Public Institutions,5,97.9%,99.0%,98.1%,100.0%,99.7%,99.5%,99.5%,99.5%,
Montana,"All Private, not-for-profit Institutions",6,74.3%,76.7%,89.8%,86.8%,89.7%,90.2%,90.8%,90.8%,
Montana,"All Private, for-profit Institutions",7,.,.,.,.,.,.,.,.,
Montana,"Public, 4-year",8,98.6%,100.0%,98.2%,100.0%,100.0%,100.0%,100.0%,100.0%,
Montana,"Private, not-for-profit, 4-year",9,80.9%,82.4%,100.0%,98.2%,98.2%,90.2%,90.8%,90.8%,
Montana,"Private, for-profit, 4-year",10,.,.,.,.,.,.,.,.,
Montana,"Public, PAB",11,.,.,.,.,.,.,.,.,
Montana,"Private, not-for-profit, PAB",12,.,.,.,.,.,.,.,.,
Montana,"Private, for-profit, PAB",13,.,.,.,.,.,.,.,.,
Montana,"Public, 2-year",14,94.0%,93.7%,97.7%,100.0%,98.0%,96.8%,96.7%,96.7%,
Montana,"Private, not-for-profit, 2-year",15,0.0%,0.0%,0.0%,0.0%,0.0%,.,.,.,
Montana,"Private, for-profit, 2-year",16,.,.,.,.,.,.,.,.,
Multi-State or POI,Overall,1,84.2%,88.5%,88.7%,89.2%,88.3%,87.9%,88.4%,89.1%,
Multi-State or POI,All 4-year Institutions,2,92.3%,95.1%,95.7%,95.8%,94.9%,94.0%,94.4%,95.2%,
Multi-State or POI,All PAB Institutions,3,49.9%,80.1%,82.5%,83.6%,83.9%,84.2%,83.7%,83.7%,
Multi-State or POI,All 2-year Institutions,4,13.5%,26.4%,31.1%,39.8%,41.5%,37.1%,24.8%,24.8%,
Multi-State or POI,All Public Institutions,5,100.0%,100.0%,100.0%,100.0%,100.0%,92.1%,90.8%,100.0%,
Multi-State or POI,"All Private, not-for-profit Institutions",6,91.2%,91.8%,93.3%,95.6%,94.7%,95.2%,95.3%,95.3%,
Multi-State or POI,"All Private, for-profit Institutions",7,80.3%,85.2%,84.0%,83.0%,81.7%,80.7%,81.3%,81.3%,
Multi-State or POI,"Public, 4-year",8,100.0%,100.0%,100.0%,100.0%,100.0%,88.1%,87.5%,100.0%,
Multi-State or POI,"Private, not-for-profit, 4-year",9,98.2%,97.4%,98.4%,98.0%,96.7%,97.0%,96.9%,96.9%,
Multi-State or POI,"Private, for-profit, 4-year",10,88.8%,93.0%,93.2%,93.5%,92.7%,91.9%,92.7%,92.7%,
Multi-State or POI,"Public, PAB",11,.,.,.,.,.,100.0%,100.0%,100.0%,
Multi-State or POI,"Private, not-for-profit, PAB",12,0.0%,0.0%,0.0%,0.0%,0.0%,83.4%,85.9%,85.9%,
Multi-State or POI,"Private, for-profit, PAB",13,54.7%,94.0%,94.9%,94.3%,92.1%,82.3%,78.7%,78.7%,
Multi-State or POI,"Public, 2-year",14,.,100.0%,100.0%,100.0%,100.0%,100.0%,100.0%,100.0%,
Multi-State or POI,"Private, not-for-profit, 2-year",15,3.3%,5.1%,6.5%,17.8%,22.2%,7.4%,0.0%,0.0%,
Multi-State or POI,"Private, for-profit, 2-year",16,17.3%,17.3%,14.7%,16.0%,14.7%,9.6%,4.5%,4.5%,
Nebraska,Overall,1,99.6%,99.9%,99.9%,99.9%,99.9%,99.9%,99.9%,99.9%,
Nebraska,All 4-year Institutions,2,99.6%,99.9%,99.9%,99.9%,100.0%,100.0%,100.0%,100.0%,
Nebraska,All PAB Institutions,3,.,.,.,.,.,.,.,.,
Nebraska,All 2-year Institutions,4,99.4%,99.8%,99.9%,99.8%,99.9%,99.8%,99.9%,99.9%,
Nebraska,All Public Institutions,5,99.9%,100.0%,100.0%,100.0%,100.0%,100.0%,100.0%,100.0%,
Nebraska,"All Private, not-for-profit Institutions",6,99.0%,99.9%,99.8%,99.8%,99.8%,99.8%,99.8%,99.8%,
Nebraska,"All Private, for-profit Institutions",7,0.0%,0.0%,0.0%,0.0%,0.0%,0.0%,0.0%,0.0%,
Nebraska,"Public, 4-year",8,100.0%,100.0%,100.0%,100.0%,100.0%,100.0%,100.0%,100.0%,
Nebraska,"Private, not-for-profit, 4-year",9,99.0%,99.9%,99.9%,99.9%,99.9%,99.9%,99.9%,99.9%,
Nebraska,"Private, for-profit, 4-year",10,0.0%,0.0%,0.0%,0.0%,.,.,.,.,
Nebraska,"Public, PAB",11,.,.,.,.,.,.,.,.,
Nebraska,"Private, not-for-profit, PAB",12,.,.,.,.,.,.,.,.,
Nebraska,"Private, for-profit, PAB",13,.,.,.,.,.,.,.,.,
Nebraska,"Public, 2-year",14,99.6%,100.0%,100.0%,100.0%,100.0%,100.0%,100.0%,100.0%,
Nebraska,"Private, not-for-profit, 2-year",15,0.0%,0.0%,0.0%,0.0%,0.0%,0.0%,0.0%,0.0%,
Nebraska,"Private, for-profit, 2-year",16,0.0%,0.0%,0.0%,0.0%,0.0%,0.0%,0.0%,0.0%,
Nevada,Overall,1,97.5%,97.3%,97.7%,97.2%,97.1%,97.2%,97.4%,97.4%,
Nevada,All 4-year Institutions,2,98.3%,97.5%,98.7%,98.9%,98.9%,100.0%,100.0%,100.0%,
Nevada,All PAB Institutions,3,100.0%,100.0%,100.0%,100.0%,100.0%,100.0%,100.0%,100.0%,
Nevada,All 2-year Institutions,4,85.4%,87.7%,86.2%,80.3%,0.0%,0.0%,0.0%,0.0%,
Nevada,All Public Institutions,5,100.0%,100.0%,100.0%,100.0%,100.0%,100.0%,100.0%,100.0%,
Nevada,"All Private, not-for-profit Institutions",6,61.2%,62.6%,67.3%,70.1%,69.8%,98.0%,98.2%,98.2%,
Nevada,"All Private, for-profit Institutions",7,0.0%,0.0%,0.0%,0.0%,0.0%,0.0%,0.0%,0.0%,
Nevada,"Public, 4-year",8,100.0%,100.0%,100.0%,100.0%,100.0%,100.0%,100.0%,100.0%,
Nevada,"Private, not-for-profit, 4-year",9,61.2%,64.9%,67.3%,70.1%,69.8%,98.0%,98.2%,98.2%,
Nevada,"Private, for-profit, 4-year",10,.,0.0%,.,.,.,.,.,.,
Nevada,"Public, PAB",11,100.0%,100.0%,100.0%,100.0%,100.0%,100.0%,100.0%,100.0%,
Nevada,"Private, not-for-profit, PAB",12,.,.,.,.,.,.,.,.,
Nevada,"Private, for-profit, PAB",13,.,.,.,.,.,.,.,.,
Nevada,"Public, 2-year",14,100.0%,100.0%,100.0%,100.0%,.,.,.,.,
Nevada,"Private, not-for-profit, 2-year",15,.,0.0%,.,.,.,.,.,.,
Nevada,"Private, for-profit, 2-year",16,0.0%,0.0%,0.0%,0.0%,0.0%,0.0%,0.0%,0.0%,
New Hampshire,Overall,1,98.9%,98.9%,99.5%,99.5%,99.5%,99.4%,99.5%,99.5%,
New Hampshire,All 4-year Institutions,2,99.0%,98.8%,99.6%,99.6%,99.6%,99.6%,99.6%,99.6%,
New Hampshire,All PAB Institutions,3,0.0%,.,.,.,.,.,.,.,
New Hampshire,All 2-year Institutions,4,99.0%,99.1%,99.1%,99.1%,98.9%,98.5%,99.0%,99.0%,
New Hampshire,All Public Institutions,5,100.0%,100.0%,100.0%,100.0%,100.0%,100.0%,100.0%,100.0%,
New Hampshire,"All Private, not-for-profit Institutions",6,96.4%,96.4%,98.4%,98.7%,98.5%,98.3%,98.6%,98.6%,
New Hampshire,"All Private, for-profit Institutions",7,.,.,.,.,.,.,.,.,
New Hampshire,"Public, 4-year",8,100.0%,100.0%,100.0%,100.0%,100.0%,100.0%,100.0%,100.0%,
New Hampshire,"Private, not-for-profit, 4-year",9,97.5%,97.0%,99.0%,99.2%,99.1%,99.1%,99.1%,99.1%,
New Hampshire,"Private, for-profit, 4-year",10,.,.,.,.,.,.,.,.,
New Hampshire,"Public, PAB",11,.,.,.,.,.,.,.,.,
New Hampshire,"Private, not-for-profit, PAB",12,0.0%,.,.,.,.,.,.,.,
New Hampshire,"Private, for-profit, PAB",13,.,.,.,.,.,.,.,.,
New Hampshire,"Public, 2-year",14,100.0%,100.0%,100.0%,100.0%,100.0%,100.0%,100.0%,100.0%,
New Hampshire,"Private, not-for-profit, 2-year",15,0.0%,0.0%,0.0%,0.0%,0.0%,0.0%,0.0%,0.0%,
New Hampshire,"Private, for-profit, 2-year",16,.,.,.,.,.,.,.,.,
New Jersey,Overall,1,95.9%,95.6%,96.2%,96.7%,96.5%,95.5%,95.0%,95.1%,
New Jersey,All 4-year Institutions,2,96.5%,96.0%,95.8%,95.6%,95.5%,95.3%,94.9%,95.0%,
New Jersey,All PAB Institutions,3,.,.,.,.,.,.,.,.,
New Jersey,All 2-year Institutions,4,94.9%,95.0%,97.0%,99.0%,98.7%,95.9%,95.2%,95.2%,
New Jersey,All Public Institutions,5,99.0%,99.1%,99.1%,100.0%,100.0%,100.0%,100.0%,100.0%,
New Jersey,"All Private, not-for-profit Institutions",6,88.8%,87.7%,87.2%,86.3%,85.8%,85.1%,84.2%,84.4%,
New Jersey,"All Private, for-profit Institutions",7,40.2%,39.0%,53.4%,52.3%,49.1%,27.3%,22.5%,22.5%,
New Jersey,"Public, 4-year",8,100.0%,100.0%,100.0%,100.0%,100.0%,100.0%,100.0%,100.0%,
New Jersey,"Private, not-for-profit, 4-year",9,88.8%,87.9%,87.4%,86.6%,86.5%,85.7%,84.8%,85.0%,
New Jersey,"Private, for-profit, 4-year",10,86.6%,72.0%,65.6%,65.6%,62.5%,64.2%,58.0%,58.0%,
New Jersey,"Public, PAB",11,.,.,.,.,.,.,.,.,
New Jersey,"Private, not-for-profit, PAB",12,.,.,.,.,.,.,.,.,
New Jersey,"Private, for-profit, PAB",13,.,.,.,.,.,.,.,.,
New Jersey,"Public, 2-year",14,97.9%,97.9%,97.8%,100.0%,100.0%,100.0%,100.0%,100.0%,
New Jersey,"Private, not-for-profit, 2-year",15,.,0.0%,0.0%,0.0%,0.0%,0.0%,0.0%,0.0%,
New Jersey,"Private, for-profit, 2-year",16,0.0%,0.0%,0.0%,0.0%,0.0%,0.0%,0.0%,0.0%,
New Mexico,Overall,1,94.9%,95.2%,96.2%,96.4%,96.1%,96.8%,96.0%,97.1%,
New Mexico,All 4-year Institutions,2,94.9%,95.3%,96.6%,96.5%,96.4%,97.4%,97.3%,97.3%,
New Mexico,All PAB Institutions,3,100.0%,100.0%,100.0%,100.0%,100.0%,100.0%,100.0%,100.0%,
New Mexico,All 2-year Institutions,4,94.7%,94.9%,95.4%,96.1%,95.3%,95.4%,93.4%,96.6%,
New Mexico,All Public Institutions,5,95.1%,95.3%,96.8%,97.1%,96.8%,96.9%,96.1%,97.2%,
New Mexico,"All Private, not-for-profit Institutions",6,88.8%,88.3%,87.7%,88.5%,88.7%,88.6%,85.6%,85.6%,
New Mexico,"All Private, for-profit Institutions",7,0.0%,.,0.0%,0.0%,0.0%,100.0%,100.0%,100.0%,
New Mexico,"Public, 4-year",8,95.3%,95.4%,97.6%,97.6%,97.5%,97.6%,97.5%,97.5%,
New Mexico,"Private, not-for-profit, 4-year",9,88.8%,88.3%,87.7%,88.5%,88.7%,88.6%,85.6%,85.6%,
New Mexico,"Private, for-profit, 4-year",10,0.0%,.,0.0%,0.0%,0.0%,100.0%,100.0%,100.0%,
New Mexico,"Public, PAB",11,100.0%,100.0%,100.0%,100.0%,100.0%,100.0%,100.0%,100.0%,
New Mexico,"Private, not-for-profit, PAB",12,.,.,.,.,.,.,.,.,
New Mexico,"Private, for-profit, PAB",13,.,.,.,.,.,.,.,.,
New Mexico,"Public, 2-year",14,94.7%,94.9%,95.4%,96.1%,95.3%,95.4%,93.4%,96.6%,
New Mexico,"Private, not-for-profit, 2-year",15,.,.,.,.,.,.,.,.,
New Mexico,"Private, for-profit, 2-year",16,.,.,.,.,.,.,.,.,
New York,Overall,1,96.8%,97.0%,96.7%,96.6%,96.9%,96.9%,97.0%,97.0%,
New York,All 4-year Institutions,2,96.4%,96.6%,96.3%,96.3%,96.9%,97.0%,96.9%,96.9%,
New York,All PAB Institutions,3,90.8%,98.1%,98.0%,97.8%,100.0%,100.0%,100.0%,100.0%,
New York,All 2-year Institutions,4,98.3%,98.2%,97.8%,97.3%,96.8%,96.8%,97.1%,97.1%,
New York,All Public Institutions,5,99.2%,99.2%,99.2%,99.1%,99.1%,99.1%,99.1%,99.1%,
New York,"All Private, not-for-profit Institutions",6,94.2%,94.8%,94.1%,94.1%,95.1%,95.3%,95.3%,95.3%,
New York,"All Private, for-profit Institutions",7,80.2%,81.8%,79.9%,75.8%,79.4%,76.4%,78.1%,78.1%,
New York,"Public, 4-year",8,98.6%,98.5%,98.5%,98.5%,98.5%,98.5%,98.5%,98.5%,
New York,"Private, not-for-profit, 4-year",9,94.7%,95.1%,94.6%,94.6%,95.6%,95.7%,95.7%,95.7%,
New York,"Private, for-profit, 4-year",10,94.8%,96.6%,96.9%,97.3%,97.1%,97.0%,97.5%,97.5%,
New York,"Public, PAB",11,100.0%,100.0%,100.0%,100.0%,100.0%,100.0%,100.0%,100.0%,
New York,"Private, not-for-profit, PAB",12,70.4%,100.0%,100.0%,100.0%,.,.,.,.,
New York,"Private, for-profit, PAB",13,47.4%,49.6%,50.1%,50.5%,100.0%,100.0%,100.0%,100.0%,
New York,"Public, 2-year",14,100.0%,100.0%,100.0%,100.0%,100.0%,100.0%,100.0%,100.0%,
New York,"Private, not-for-profit, 2-year",15,30.8%,28.2%,22.3%,23.2%,19.7%,29.9%,38.2%,38.2%,
New York,"Private, for-profit, 2-year",16,57.6%,56.9%,53.2%,40.4%,4.9%,24.0%,25.1%,25.1%,
North Carolina,Overall,1,99.6%,99.7%,99.7%,99.6%,99.8%,99.6%,99.5%,99.5%,
North Carolina,All 4-year Institutions,2,99.4%,99.4%,99.5%,99.4%,99.6%,99.7%,99.7%,99.7%,
North Carolina,All PAB Institutions,3,.,.,.,.,.,.,.,.,
North Carolina,All 2-year Institutions,4,99.9%,100.0%,100.0%,100.0%,100.0%,99.4%,99.2%,99.2%,
North Carolina,All Public Institutions,5,100.0%,100.0%,100.0%,100.0%,100.0%,100.0%,100.0%,100.0%,
North Carolina,"All Private, not-for-profit Institutions",6,98.4%,98.4%,98.5%,97.9%,99.0%,99.0%,99.0%,99.0%,
North Carolina,"All Private, for-profit Institutions",7,0.0%,0.0%,0.0%,0.0%,0.0%,0.0%,0.0%,0.0%,
North Carolina,"Public, 4-year",8,100.0%,100.0%,100.0%,100.0%,100.0%,100.0%,100.0%,100.0%,
North Carolina,"Private, not-for-profit, 4-year",9,98.4%,98.4%,98.5%,97.9%,99.0%,99.0%,99.0%,99.0%,
North Carolina,"Private, for-profit, 4-year",10,0.0%,0.0%,0.0%,0.0%,0.0%,0.0%,0.0%,0.0%,
North Carolina,"Public, PAB",11,.,.,.,.,.,.,.,.,
North Carolina,"Private, not-for-profit, PAB",12,.,.,.,.,.,.,.,.,
North Carolina,"Private, for-profit, PAB",13,.,.,.,.,.,.,.,.,
North Carolina,"Public, 2-year",14,100.0%,100.0%,100.0%,100.0%,100.0%,100.0%,100.0%,100.0%,
North Carolina,"Private, not-for-profit, 2-year",15,100.0%,100.0%,100.0%,100.0%,100.0%,100.0%,100.0%,100.0%,
North Carolina,"Private, for-profit, 2-year",16,0.0%,.,.,.,.,0.0%,0.0%,0.0%,
North Dakota,Overall,1,99.6%,99.6%,100.0%,100.0%,100.0%,100.0%,100.0%,100.0%,
North Dakota,All 4-year Institutions,2,99.5%,99.5%,100.0%,100.0%,100.0%,100.0%,100.0%,100.0%,
North Dakota,All PAB Institutions,3,100.0%,100.0%,100.0%,100.0%,100.0%,100.0%,100.0%,100.0%,
North Dakota,All 2-year Institutions,4,100.0%,100.0%,100.0%,100.0%,100.0%,100.0%,100.0%,100.0%,
North Dakota,All Public Institutions,5,99.5%,99.6%,100.0%,100.0%,100.0%,100.0%,100.0%,100.0%,
North Dakota,"All Private, not-for-profit Institutions",6,100.0%,100.0%,100.0%,100.0%,100.0%,100.0%,100.0%,100.0%,
North Dakota,"All Private, for-profit Institutions",7,.,.,.,.,.,.,.,.,
North Dakota,"Public, 4-year",8,99.4%,99.4%,100.0%,100.0%,100.0%,100.0%,100.0%,100.0%,
North Dakota,"Private, not-for-profit, 4-year",9,100.0%,100.0%,100.0%,100.0%,100.0%,100.0%,100.0%,100.0%,
North Dakota,"Private, for-profit, 4-year",10,.,.,.,.,.,.,.,.,
North Dakota,"Public, PAB",11,100.0%,100.0%,100.0%,100.0%,100.0%,100.0%,100.0%,100.0%,
North Dakota,"Private, not-for-profit, PAB",12,.,.,.,.,.,.,.,.,
North Dakota,"Private, for-profit, PAB",13,.,.,.,.,.,.,.,.,
North Dakota,"Public, 2-year",14,100.0%,100.0%,100.0%,100.0%,100.0%,100.0%,100.0%,100.0%,
North Dakota,"Private, not-for-profit, 2-year",15,.,.,.,.,.,.,.,.,
North Dakota,"Private, for-profit, 2-year",16,.,.,.,.,.,.,.,.,
Ohio,Overall,1,98.0%,98.2%,98.7%,98.7%,98.6%,98.5%,98.5%,99.0%,
Ohio,All 4-year Institutions,2,98.5%,98.6%,99.0%,99.3%,99.3%,98.7%,98.6%,99.3%,
Ohio,All PAB Institutions,3,100.0%,97.9%,98.4%,99.0%,100.0%,100.0%,100.0%,100.0%,
Ohio,All 2-year Institutions,4,96.6%,97.0%,97.8%,96.8%,96.2%,98.0%,98.0%,98.0%,
Ohio,All Public Institutions,5,100.0%,100.0%,100.0%,100.0%,100.0%,100.0%,100.0%,100.0%,
Ohio,"All Private, not-for-profit Institutions",6,96.1%,96.8%,97.9%,97.9%,97.7%,97.4%,97.4%,97.4%,
Ohio,"All Private, for-profit Institutions",7,0.0%,0.0%,0.0%,0.0%,0.0%,0.0%,0.0%,53.3%,
Ohio,"Public, 4-year",8,100.0%,100.0%,100.0%,100.0%,100.0%,100.0%,100.0%,100.0%,
Ohio,"Private, not-for-profit, 4-year",9,96.1%,97.0%,98.1%,98.1%,97.9%,97.7%,97.7%,97.7%,
Ohio,"Private, for-profit, 4-year",10,0.0%,0.0%,0.0%,0.0%,0.0%,0.0%,0.0%,88.7%,
Ohio,"Public, PAB",11,.,.,.,.,.,.,.,.,
Ohio,"Private, not-for-profit, PAB",12,100.0%,100.0%,100.0%,100.0%,100.0%,100.0%,100.0%,100.0%,
Ohio,"Private, for-profit, PAB",13,.,0.0%,0.0%,0.0%,.,.,.,.,
Ohio,"Public, 2-year",14,100.0%,100.0%,100.0%,100.0%,100.0%,100.0%,100.0%,100.0%,
Ohio,"Private, not-for-profit, 2-year",15,48.3%,41.4%,41.6%,32.1%,26.6%,22.7%,0.0%,0.0%,
Ohio,"Private, for-profit, 2-year",16,0.0%,0.0%,0.0%,0.0%,0.0%,0.0%,0.0%,0.0%,
Oklahoma,Overall,1,97.8%,97.9%,97.8%,97.5%,97.5%,96.9%,96.6%,97.1%,
Oklahoma,All 4-year Institutions,2,97.1%,97.3%,97.4%,97.4%,97.9%,97.8%,97.5%,98.3%,
Oklahoma,All PAB Institutions,3,100.0%,100.0%,100.0%,100.0%,90.8%,91.3%,89.9%,89.9%,
Oklahoma,All 2-year Institutions,4,99.0%,99.0%,98.2%,97.4%,97.5%,95.3%,95.3%,95.3%,
Oklahoma,All Public Institutions,5,99.4%,99.4%,99.3%,99.3%,99.2%,99.1%,98.9%,98.9%,
Oklahoma,"All Private, not-for-profit Institutions",6,90.3%,90.5%,90.1%,89.3%,90.8%,89.8%,90.1%,94.3%,
Oklahoma,"All Private, for-profit Institutions",7,0.0%,0.0%,0.0%,0.0%,0.0%,0.0%,0.0%,0.0%,
Oklahoma,"Public, 4-year",8,99.1%,99.1%,99.0%,98.8%,98.7%,98.6%,98.3%,98.3%,
Oklahoma,"Private, not-for-profit, 4-year",9,92.3%,92.9%,93.0%,93.3%,93.6%,94.1%,93.9%,98.2%,
Oklahoma,"Private, for-profit, 4-year",10,0.0%,0.0%,0.0%,0.0%,.,.,.,.,
Oklahoma,"Public, PAB",11,100.0%,100.0%,100.0%,100.0%,100.0%,100.0%,100.0%,100.0%,
Oklahoma,"Private, not-for-profit, PAB",12,100.0%,.,.,.,.,.,.,.,
Oklahoma,"Private, for-profit, PAB",13,.,.,.,.,0.0%,0.0%,0.0%,0.0%,
Oklahoma,"Public, 2-year",14,100.0%,100.0%,100.0%,100.0%,100.0%,100.0%,100.0%,100.0%,
Oklahoma,"Private, not-for-profit, 2-year",15,0.0%,0.0%,0.0%,0.0%,0.0%,0.0%,0.0%,0.0%,
Oklahoma,"Private, for-profit, 2-year",16,.,.,0.0%,0.0%,0.0%,0.0%,0.0%,0.0%,
Oregon,Overall,1,95.6%,96.1%,96.1%,98.7%,98.8%,99.3%,99.5%,99.5%,
Oregon,All 4-year Institutions,2,94.2%,94.8%,94.7%,98.7%,98.8%,99.7%,99.8%,99.8%,
Oregon,All PAB Institutions,3,0.0%,0.0%,0.0%,.,.,.,.,.,
Oregon,All 2-year Institutions,4,99.1%,99.1%,99.1%,98.7%,98.7%,98.5%,98.9%,98.9%,
Oregon,All Public Institutions,5,100.0%,100.0%,100.0%,100.0%,100.0%,100.0%,100.0%,100.0%,
Oregon,"All Private, not-for-profit Institutions",6,77.8%,78.9%,78.3%,93.9%,94.4%,98.6%,98.7%,98.7%,
Oregon,"All Private, for-profit Institutions",7,0.0%,0.0%,0.0%,0.0%,0.0%,23.0%,29.7%,29.7%,
Oregon,"Public, 4-year",8,100.0%,100.0%,100.0%,100.0%,100.0%,100.0%,100.0%,100.0%,
Oregon,"Private, not-for-profit, 4-year",9,77.9%,79.0%,78.4%,94.1%,94.5%,98.8%,98.9%,98.9%,
Oregon,"Private, for-profit, 4-year",10,0.0%,.,.,.,.,.,.,.,
Oregon,"Public, PAB",11,.,.,.,.,.,.,.,.,
Oregon,"Private, not-for-profit, PAB",12,.,.,.,.,.,.,.,.,
Oregon,"Private, for-profit, PAB",13,0.0%,0.0%,0.0%,.,.,.,.,.,
Oregon,"Public, 2-year",14,100.0%,100.0%,100.0%,100.0%,100.0%,100.0%,100.0%,100.0%,
Oregon,"Private, not-for-profit, 2-year",15,0.0%,0.0%,0.0%,0.0%,0.0%,0.0%,0.0%,0.0%,
Oregon,"Private, for-profit, 2-year",16,0.0%,0.0%,0.0%,0.0%,0.0%,23.0%,29.7%,29.7%,
Pennsylvania,Overall,1,96.4%,97.9%,97.8%,97.6%,97.5%,98.0%,98.0%,98.0%,
Pennsylvania,All 4-year Institutions,2,97.3%,98.7%,98.7%,98.7%,98.7%,99.1%,99.0%,99.0%,
Pennsylvania,All PAB Institutions,3,100.0%,100.0%,100.0%,100.0%,100.0%,100.0%,100.0%,100.0%,
Pennsylvania,All 2-year Institutions,4,92.3%,94.1%,93.7%,92.4%,91.6%,92.3%,92.8%,92.8%,
Pennsylvania,All Public Institutions,5,100.0%,100.0%,100.0%,100.0%,100.0%,100.0%,100.0%,100.0%,
Pennsylvania,"All Private, not-for-profit Institutions",6,95.9%,97.2%,96.9%,96.9%,96.8%,97.6%,97.5%,97.5%,
Pennsylvania,"All Private, for-profit Institutions",7,10.7%,18.6%,18.0%,15.1%,13.9%,26.3%,25.4%,25.4%,
Pennsylvania,"Public, 4-year",8,100.0%,100.0%,100.0%,100.0%,100.0%,100.0%,100.0%,100.0%,
Pennsylvania,"Private, not-for-profit, 4-year",9,96.4%,97.7%,97.5%,97.5%,97.5%,98.4%,98.3%,98.3%,
Pennsylvania,"Private, for-profit, 4-year",10,21.2%,75.8%,87.4%,85.8%,78.4%,84.9%,86.7%,86.7%,
Pennsylvania,"Public, PAB",11,100.0%,100.0%,100.0%,100.0%,100.0%,100.0%,100.0%,100.0%,
Pennsylvania,"Private, not-for-profit, PAB",12,100.0%,100.0%,100.0%,100.0%,100.0%,100.0%,100.0%,100.0%,
Pennsylvania,"Private, for-profit, PAB",13,.,.,.,.,.,.,.,.,
Pennsylvania,"Public, 2-year",14,100.0%,100.0%,100.0%,100.0%,100.0%,100.0%,100.0%,100.0%,
Pennsylvania,"Private, not-for-profit, 2-year",15,79.3%,62.0%,58.9%,55.6%,41.3%,38.8%,48.2%,48.2%,
Pennsylvania,"Private, for-profit, 2-year",16,4.4%,6.3%,5.3%,4.2%,3.8%,16.6%,16.4%,16.4%,
Rhode Island,Overall,1,100.0%,100.0%,99.8%,100.0%,100.0%,100.0%,100.0%,100.0%,
Rhode Island,All 4-year Institutions,2,100.0%,100.0%,99.7%,100.0%,100.0%,100.0%,100.0%,100.0%,
Rhode Island,All PAB Institutions,3,100.0%,100.0%,100.0%,100.0%,.,.,.,.,
Rhode Island,All 2-year Institutions,4,100.0%,100.0%,100.0%,100.0%,100.0%,100.0%,100.0%,100.0%,
Rhode Island,All Public Institutions,5,100.0%,100.0%,100.0%,100.0%,100.0%,100.0%,100.0%,100.0%,
Rhode Island,"All Private, not-for-profit Institutions",6,100.0%,100.0%,99.5%,100.0%,100.0%,100.0%,100.0%,100.0%,
Rhode Island,"All Private, for-profit Institutions",7,.,.,.,.,.,.,.,.,
Rhode Island,"Public, 4-year",8,100.0%,100.0%,100.0%,100.0%,100.0%,100.0%,100.0%,100.0%,
Rhode Island,"Private, not-for-profit, 4-year",9,100.0%,100.0%,99.4%,100.0%,100.0%,100.0%,100.0%,100.0%,
Rhode Island,"Private, for-profit, 4-year",10,.,.,.,.,.,.,.,.,
Rhode Island,"Public, PAB",11,.,.,.,.,.,.,.,.,
Rhode Island,"Private, not-for-profit, PAB",12,100.0%,100.0%,100.0%,100.0%,.,.,.,.,
Rhode Island,"Private, for-profit, PAB",13,.,.,.,.,.,.,.,.,
Rhode Island,"Public, 2-year",14,100.0%,100.0%,100.0%,100.0%,100.0%,100.0%,100.0%,100.0%,
Rhode Island,"Private, not-for-profit, 2-year",15,.,.,.,.,.,.,.,.,
Rhode Island,"Private, for-profit, 2-year",16,.,.,.,.,.,.,.,.,
South Carolina,Overall,1,99.4%,99.2%,99.1%,99.1%,99.2%,99.1%,99.1%,99.5%,
South Carolina,All 4-year Institutions,2,99.2%,99.1%,98.8%,98.9%,99.0%,98.9%,98.9%,99.5%,
South Carolina,All PAB Institutions,3,100.0%,100.0%,100.0%,100.0%,100.0%,100.0%,100.0%,100.0%,
South Carolina,All 2-year Institutions,4,99.8%,99.6%,99.5%,99.5%,99.5%,99.6%,99.4%,99.4%,
South Carolina,All Public Institutions,5,100.0%,100.0%,100.0%,100.0%,100.0%,100.0%,100.0%,100.0%,
South Carolina,"All Private, not-for-profit Institutions",6,96.2%,96.1%,95.1%,95.2%,95.7%,95.2%,95.2%,97.8%,
South Carolina,"All Private, for-profit Institutions",7,94.3%,63.8%,59.6%,58.7%,60.6%,63.8%,58.4%,58.4%,
South Carolina,"Public, 4-year",8,100.0%,100.0%,100.0%,100.0%,100.0%,100.0%,100.0%,100.0%,
South Carolina,"Private, not-for-profit, 4-year",9,96.1%,96.0%,95.0%,95.1%,95.6%,95.1%,95.1%,97.8%,
South Carolina,"Private, for-profit, 4-year",10,100.0%,100.0%,100.0%,100.0%,100.0%,100.0%,100.0%,100.0%,
South Carolina,"Public, PAB",11,.,.,.,.,.,.,.,.,
South Carolina,"Private, not-for-profit, PAB",12,100.0%,100.0%,100.0%,100.0%,100.0%,100.0%,100.0%,100.0%,
South Carolina,"Private, for-profit, PAB",13,.,.,.,.,.,.,.,.,
South Carolina,"Public, 2-year",14,100.0%,100.0%,100.0%,100.0%,100.0%,100.0%,100.0%,100.0%,
South Carolina,"Private, not-for-profit, 2-year",15,100.0%,100.0%,100.0%,100.0%,100.0%,100.0%,100.0%,100.0%,
South Carolina,"Private, for-profit, 2-year",16,0.0%,0.0%,0.0%,0.0%,0.0%,0.0%,0.0%,0.0%,
South Dakota,Overall,1,98.1%,97.9%,99.2%,99.0%,98.5%,98.2%,97.8%,97.8%,
South Dakota,All 4-year Institutions,2,98.2%,98.0%,99.0%,98.8%,98.3%,97.9%,97.5%,97.5%,
South Dakota,All PAB Institutions,3,.,.,.,.,.,.,.,.,
South Dakota,All 2-year Institutions,4,97.1%,97.6%,100.0%,100.0%,100.0%,100.0%,100.0%,100.0%,
South Dakota,All Public Institutions,5,99.6%,99.6%,100.0%,100.0%,100.0%,100.0%,100.0%,100.0%,
South Dakota,"All Private, not-for-profit Institutions",6,88.5%,88.0%,93.8%,92.6%,89.6%,87.5%,84.2%,84.2%,
South Dakota,"All Private, for-profit Institutions",7,.,.,.,.,.,.,.,.,
South Dakota,"Public, 4-year",8,100.0%,100.0%,100.0%,100.0%,100.0%,100.0%,100.0%,100.0%,
South Dakota,"Private, not-for-profit, 4-year",9,88.5%,88.0%,93.8%,92.6%,89.6%,87.5%,84.2%,84.2%,
South Dakota,"Private, for-profit, 4-year",10,.,.,.,.,.,.,.,.,
South Dakota,"Public, PAB",11,.,.,.,.,.,.,.,.,
South Dakota,"Private, not-for-profit, PAB",12,.,.,.,.,.,.,.,.,
South Dakota,"Private, for-profit, PAB",13,.,.,.,.,.,.,.,.,
South Dakota,"Public, 2-year",14,97.1%,97.6%,100.0%,100.0%,100.0%,100.0%,100.0%,100.0%,
South Dakota,"Private, not-for-profit, 2-year",15,.,.,.,.,.,.,.,.,
South Dakota,"Private, for-profit, 2-year",16,.,.,.,.,.,.,.,.,
Tennessee,Overall,1,97.8%,98.6%,98.7%,98.9%,99.0%,98.4%,98.3%,98.3%,
Tennessee,All 4-year Institutions,2,97.8%,98.8%,99.0%,99.3%,99.3%,98.6%,98.6%,98.6%,
Tennessee,All PAB Institutions,3,0.0%,.,.,.,.,.,.,.,
Tennessee,All 2-year Institutions,4,98.1%,98.0%,98.1%,97.9%,97.9%,97.7%,97.6%,97.6%,
Tennessee,All Public Institutions,5,100.0%,100.0%,100.0%,100.0%,100.0%,100.0%,100.0%,100.0%,
Tennessee,"All Private, not-for-profit Institutions",6,96.3%,96.7%,96.9%,97.7%,97.8%,97.7%,97.6%,97.6%,
Tennessee,"All Private, for-profit Institutions",7,0.0%,62.1%,65.4%,78.5%,81.5%,67.9%,71.6%,71.6%,
Tennessee,"Public, 4-year",8,100.0%,100.0%,100.0%,100.0%,100.0%,100.0%,100.0%,100.0%,
Tennessee,"Private, not-for-profit, 4-year",9,97.1%,97.2%,97.5%,98.4%,98.4%,98.4%,98.4%,98.4%,
Tennessee,"Private, for-profit, 4-year",10,0.0%,90.0%,90.2%,94.7%,95.5%,76.9%,79.8%,79.8%,
Tennessee,"Public, PAB",11,.,.,.,.,.,.,.,.,
Tennessee,"Private, not-for-profit, PAB",12,0.0%,.,.,.,.,.,.,.,
Tennessee,"Private, for-profit, PAB",13,.,.,.,.,.,.,.,.,
Tennessee,"Public, 2-year",14,100.0%,100.0%,100.0%,100.0%,100.0%,100.0%,100.0%,100.0%,
Tennessee,"Private, not-for-profit, 2-year",15,0.0%,0.0%,0.0%,0.0%,0.0%,0.0%,0.0%,0.0%,
Tennessee,"Private, for-profit, 2-year",16,0.0%,0.0%,0.0%,0.0%,0.0%,0.0%,0.0%,0.0%,
Texas,Overall,1,92.9%,92.9%,93.5%,98.5%,98.9%,99.1%,99.0%,99.0%,
Texas,All 4-year Institutions,2,99.2%,98.8%,98.9%,98.9%,99.1%,99.3%,99.5%,99.5%,
Texas,All PAB Institutions,3,92.6%,94.0%,94.2%,93.5%,98.5%,98.4%,98.6%,98.6%,
Texas,All 2-year Institutions,4,85.9%,86.2%,87.3%,98.3%,98.8%,98.9%,98.3%,98.3%,
Texas,All Public Institutions,5,94.0%,93.7%,94.4%,100.0%,100.0%,100.0%,100.0%,100.0%,
Texas,"All Private, not-for-profit Institutions",6,96.2%,96.2%,96.5%,97.4%,97.4%,96.7%,97.6%,97.8%,
Texas,"All Private, for-profit Institutions",7,2.9%,3.5%,3.1%,2.7%,34.7%,46.8%,43.3%,43.3%,
Texas,"Public, 4-year",8,100.0%,100.0%,100.0%,100.0%,100.0%,100.0%,100.0%,100.0%,
Texas,"Private, not-for-profit, 4-year",9,97.2%,97.1%,97.6%,98.6%,98.1%,97.5%,98.3%,98.5%,
Texas,"Private, for-profit, 4-year",10,18.7%,9.6%,9.3%,7.2%,56.7%,73.3%,79.2%,79.2%,
Texas,"Public, PAB",11,100.0%,100.0%,100.0%,100.0%,100.0%,100.0%,100.0%,100.0%,
Texas,"Private, not-for-profit, PAB",12,0.0%,0.0%,0.0%,0.0%,0.0%,0.0%,0.0%,0.0%,
Texas,"Private, for-profit, PAB",13,0.0%,0.0%,0.0%,0.0%,0.0%,0.0%,0.0%,0.0%,
Texas,"Public, 2-year",14,88.0%,87.3%,88.6%,100.0%,100.0%,100.0%,100.0%,100.0%,
Texas,"Private, not-for-profit, 2-year",15,52.1%,56.6%,46.9%,43.7%,35.5%,30.9%,37.0%,37.0%,
Texas,"Private, for-profit, 2-year",16,0.0%,0.0%,0.0%,0.0%,0.0%,19.7%,14.1%,14.1%,
Utah,Overall,1,98.9%,99.2%,99.4%,99.3%,99.3%,99.3%,99.3%,100.0%,
Utah,All 4-year Institutions,2,99.3%,99.4%,99.4%,99.3%,99.3%,99.2%,99.2%,99.9%,
Utah,All PAB Institutions,3,96.3%,94.8%,98.8%,98.5%,100.0%,100.0%,100.0%,100.0%,
Utah,All 2-year Institutions,4,98.5%,100.0%,100.0%,100.0%,99.2%,100.0%,100.0%,100.0%,
Utah,All Public Institutions,5,100.0%,100.0%,100.0%,100.0%,100.0%,100.0%,100.0%,100.0%,
Utah,"All Private, not-for-profit Institutions",6,100.0%,100.0%,100.0%,100.0%,100.0%,100.0%,100.0%,100.0%,
Utah,"All Private, for-profit Institutions",7,31.4%,38.6%,63.9%,67.6%,75.4%,64.2%,58.8%,97.2%,
Utah,"Public, 4-year",8,100.0%,100.0%,100.0%,100.0%,100.0%,100.0%,100.0%,100.0%,
Utah,"Private, not-for-profit, 4-year",9,100.0%,100.0%,100.0%,100.0%,100.0%,100.0%,100.0%,100.0%,
Utah,"Private, for-profit, 4-year",10,27.2%,30.5%,67.6%,71.5%,78.2%,64.2%,58.8%,97.2%,
Utah,"Public, PAB",11,100.0%,100.0%,100.0%,100.0%,100.0%,100.0%,100.0%,100.0%,
Utah,"Private, not-for-profit, PAB",12,.,.,.,.,.,.,.,.,
Utah,"Private, for-profit, PAB",13,0.0%,0.0%,0.0%,0.0%,.,.,.,.,
Utah,"Public, 2-year",14,100.0%,100.0%,100.0%,100.0%,100.0%,100.0%,100.0%,100.0%,
Utah,"Private, not-for-profit, 2-year",15,100.0%,100.0%,100.0%,100.0%,100.0%,100.0%,100.0%,100.0%,
Utah,"Private, for-profit, 2-year",16,54.6%,100.0%,.,.,0.0%,.,.,.,
Vermont,Overall,1,92.8%,96.0%,99.1%,99.6%,99.7%,99.7%,99.8%,99.8%,
Vermont,All 4-year Institutions,2,91.2%,95.1%,98.9%,99.5%,99.6%,99.7%,99.7%,99.7%,
Vermont,All PAB Institutions,3,100.0%,100.0%,100.0%,100.0%,100.0%,100.0%,100.0%,100.0%,
Vermont,All 2-year Institutions,4,100.0%,100.0%,100.0%,100.0%,100.0%,100.0%,100.0%,100.0%,
Vermont,All Public Institutions,5,95.5%,100.0%,100.0%,100.0%,100.0%,100.0%,100.0%,100.0%,
Vermont,"All Private, not-for-profit Institutions",6,88.6%,89.3%,97.4%,98.9%,99.0%,99.1%,99.3%,99.3%,
Vermont,"All Private, for-profit Institutions",7,100.0%,100.0%,100.0%,100.0%,.,.,.,.,
Vermont,"Public, 4-year",8,93.7%,100.0%,100.0%,100.0%,100.0%,100.0%,100.0%,100.0%,
Vermont,"Private, not-for-profit, 4-year",9,88.2%,88.9%,97.3%,98.9%,98.9%,99.1%,99.3%,99.3%,
Vermont,"Private, for-profit, 4-year",10,100.0%,100.0%,100.0%,100.0%,.,.,.,.,
Vermont,"Public, PAB",11,100.0%,100.0%,100.0%,100.0%,100.0%,100.0%,100.0%,100.0%,
Vermont,"Private, not-for-profit, PAB",12,100.0%,100.0%,100.0%,100.0%,100.0%,100.0%,100.0%,100.0%,
Vermont,"Private, for-profit, PAB",13,.,.,.,.,.,.,.,.,
Vermont,"Public, 2-year",14,100.0%,100.0%,100.0%,100.0%,100.0%,100.0%,100.0%,100.0%,
Vermont,"Private, not-for-profit, 2-year",15,.,.,.,.,.,.,.,.,
Vermont,"Private, for-profit, 2-year",16,.,.,.,.,.,.,.,.,
Virginia,Overall,1,97.9%,97.9%,97.8%,98.1%,98.1%,98.2%,98.7%,98.7%,
Virginia,All 4-year Institutions,2,97.5%,97.5%,97.8%,97.9%,98.2%,98.6%,99.2%,99.2%,
Virginia,All PAB Institutions,3,94.4%,95.7%,90.0%,89.1%,0.0%,0.0%,0.0%,0.0%,
Virginia,All 2-year Institutions,4,99.1%,98.9%,98.7%,99.4%,99.4%,98.6%,98.5%,98.5%,
Virginia,All Public Institutions,5,100.0%,100.0%,100.0%,100.0%,100.0%,100.0%,100.0%,100.0%,
Virginia,"All Private, not-for-profit Institutions",6,94.8%,95.1%,96.1%,96.3%,96.2%,95.8%,98.4%,98.4%,
Virginia,"All Private, for-profit Institutions",7,74.5%,74.0%,69.2%,74.9%,74.0%,77.8%,73.1%,73.1%,
Virginia,"Public, 4-year",8,100.0%,100.0%,100.0%,100.0%,100.0%,100.0%,100.0%,100.0%,
Virginia,"Private, not-for-profit, 4-year",9,95.2%,95.1%,96.1%,96.3%,96.6%,96.5%,98.8%,98.8%,
Virginia,"Private, for-profit, 4-year",10,0.0%,0.0%,0.0%,0.0%,87.1%,99.1%,90.3%,90.3%,
Virginia,"Public, PAB",11,.,.,.,.,.,.,.,.,
Virginia,"Private, not-for-profit, PAB",12,.,.,.,.,0.0%,0.0%,0.0%,0.0%,
Virginia,"Private, for-profit, PAB",13,94.4%,95.7%,90.0%,89.1%,0.0%,0.0%,0.0%,0.0%,
Virginia,"Public, 2-year",14,100.0%,100.0%,100.0%,100.0%,100.0%,100.0%,100.0%,100.0%,
Virginia,"Private, not-for-profit, 2-year",15,38.2%,83.5%,82.0%,88.1%,69.7%,72.2%,72.7%,72.7%,
Virginia,"Private, for-profit, 2-year",16,31.7%,25.6%,19.7%,33.4%,36.9%,19.2%,14.8%,14.8%,
Washington,Overall,1,98.4%,98.8%,98.8%,98.8%,98.7%,98.7%,99.4%,99.4%,
Washington,All 4-year Institutions,2,98.6%,99.2%,99.1%,99.0%,99.0%,99.0%,98.9%,98.9%,
Washington,All PAB Institutions,3,96.9%,98.2%,98.4%,98.4%,98.2%,98.2%,100.0%,100.0%,
Washington,All 2-year Institutions,4,99.5%,99.9%,99.9%,99.8%,99.7%,99.6%,99.3%,99.3%,
Washington,All Public Institutions,5,100.0%,100.0%,100.0%,100.0%,100.0%,100.0%,100.0%,100.0%,
Washington,"All Private, not-for-profit Institutions",6,98.0%,99.4%,99.3%,99.0%,98.9%,98.7%,98.4%,98.4%,
Washington,"All Private, for-profit Institutions",7,0.0%,0.0%,0.0%,0.0%,0.0%,0.0%,0.0%,0.0%,
Washington,"Public, 4-year",8,100.0%,100.0%,100.0%,100.0%,100.0%,100.0%,100.0%,100.0%,
Washington,"Private, not-for-profit, 4-year",9,99.2%,99.5%,99.4%,99.2%,99.1%,98.9%,98.8%,98.8%,
Washington,"Private, for-profit, 4-year",10,0.0%,0.0%,0.0%,0.0%,0.0%,0.0%,0.0%,0.0%,
Washington,"Public, PAB",11,100.0%,100.0%,100.0%,100.0%,100.0%,100.0%,100.0%,100.0%,
Washington,"Private, not-for-profit, PAB",12,.,.,.,.,.,.,.,.,
Washington,"Private, for-profit, PAB",13,0.0%,0.0%,0.0%,0.0%,0.0%,0.0%,.,.,
Washington,"Public, 2-year",14,100.0%,100.0%,100.0%,100.0%,100.0%,100.0%,100.0%,100.0%,
Washington,"Private, not-for-profit, 2-year",15,60.7%,96.0%,96.1%,92.9%,92.2%,91.1%,85.0%,85.0%,
Washington,"Private, for-profit, 2-year",16,.,.,.,.,.,.,.,.,
West Virginia,Overall,1,95.3%,96.3%,96.6%,96.4%,96.7%,96.4%,96.5%,96.5%,
West Virginia,All 4-year Institutions,2,96.2%,96.4%,96.7%,96.6%,96.9%,96.9%,97.0%,97.0%,
West Virginia,All PAB Institutions,3,100.0%,100.0%,100.0%,100.0%,100.0%,100.0%,100.0%,100.0%,
West Virginia,All 2-year Institutions,4,90.9%,95.6%,95.5%,94.4%,95.0%,93.7%,94.0%,94.0%,
West Virginia,All Public Institutions,5,98.7%,98.8%,98.8%,98.7%,98.7%,98.7%,98.9%,98.9%,
West Virginia,"All Private, not-for-profit Institutions",6,89.8%,90.5%,92.7%,93.4%,97.1%,96.7%,93.2%,93.2%,
West Virginia,"All Private, for-profit Institutions",7,0.0%,0.0%,0.0%,0.0%,0.0%,0.0%,0.0%,0.0%,
West Virginia,"Public, 4-year",8,98.7%,98.7%,98.7%,98.7%,98.6%,98.6%,98.6%,98.6%,
West Virginia,"Private, not-for-profit, 4-year",9,89.8%,90.5%,92.7%,93.4%,97.1%,96.7%,96.4%,96.4%,
West Virginia,"Private, for-profit, 4-year",10,0.0%,0.0%,0.0%,0.0%,0.0%,0.0%,0.0%,0.0%,
West Virginia,"Public, PAB",11,100.0%,100.0%,100.0%,100.0%,100.0%,100.0%,100.0%,100.0%,
West Virginia,"Private, not-for-profit, PAB",12,.,.,.,.,.,.,.,.,
West Virginia,"Private, for-profit, PAB",13,.,.,.,.,.,.,.,.,
West Virginia,"Public, 2-year",14,98.5%,99.0%,98.9%,98.6%,98.8%,98.8%,100.0%,100.0%,
West Virginia,"Private, not-for-profit, 2-year",15,.,.,.,.,.,.,0.0%,0.0%,
West Virginia,"Private, for-profit, 2-year",16,0.0%,0.0%,0.0%,0.0%,0.0%,0.0%,0.0%,0.0%,
Wisconsin,Overall,1,96.0%,99.5%,99.5%,99.7%,99.7%,99.7%,99.7%,99.7%,
Wisconsin,All 4-year Institutions,2,99.4%,99.5%,99.4%,99.6%,99.6%,99.6%,99.6%,99.6%,
Wisconsin,All PAB Institutions,3,100.0%,100.0%,100.0%,100.0%,.,.,.,.,
Wisconsin,All 2-year Institutions,4,88.4%,99.6%,99.8%,99.7%,99.8%,99.9%,99.9%,99.9%,
Wisconsin,All Public Institutions,5,95.9%,99.9%,100.0%,100.0%,100.0%,100.0%,100.0%,100.0%,
Wisconsin,"All Private, not-for-profit Institutions",6,97.6%,97.5%,97.1%,98.3%,98.1%,98.3%,98.1%,98.1%,
Wisconsin,"All Private, for-profit Institutions",7,0.0%,0.0%,0.0%,0.0%,0.0%,0.0%,0.0%,0.0%,
Wisconsin,"Public, 4-year",8,100.0%,100.0%,100.0%,100.0%,100.0%,100.0%,100.0%,100.0%,
Wisconsin,"Private, not-for-profit, 4-year",9,97.6%,97.5%,97.1%,98.3%,98.1%,98.3%,98.1%,98.1%,
Wisconsin,"Private, for-profit, 4-year",10,.,.,.,.,.,.,.,.,
Wisconsin,"Public, PAB",11,100.0%,100.0%,100.0%,100.0%,.,.,.,.,
Wisconsin,"Private, not-for-profit, PAB",12,.,.,.,.,.,.,.,.,
Wisconsin,"Private, for-profit, PAB",13,.,.,.,.,.,.,.,.,
Wisconsin,"Public, 2-year",14,88.6%,99.8%,100.0%,100.0%,100.0%,100.0%,100.0%,100.0%,
Wisconsin,"Private, not-for-profit, 2-year",15,.,.,.,.,.,.,.,.,
Wisconsin,"Private, for-profit, 2-year",16,0.0%,0.0%,0.0%,0.0%,0.0%,0.0%,0.0%,0.0%,
Wyoming,Overall,1,100.0%,99.9%,99.2%,98.1%,97.6%,96.7%,96.0%,96.0%,
Wyoming,All 4-year Institutions,2,100.0%,100.0%,100.0%,100.0%,100.0%,100.0%,100.0%,100.0%,
Wyoming,All PAB Institutions,3,.,.,.,.,.,.,.,.,
Wyoming,All 2-year Institutions,4,100.0%,99.8%,98.7%,96.9%,96.1%,94.7%,93.7%,93.7%,
Wyoming,All Public Institutions,5,100.0%,100.0%,100.0%,100.0%,100.0%,100.0%,100.0%,100.0%,
Wyoming,"All Private, not-for-profit Institutions",6,.,.,.,.,.,.,.,.,
Wyoming,"All Private, for-profit Institutions",7,.,0.0%,0.0%,0.0%,0.0%,0.0%,0.0%,0.0%,
Wyoming,"Public, 4-year",8,100.0%,100.0%,100.0%,100.0%,100.0%,100.0%,100.0%,100.0%,
Wyoming,"Private, not-for-profit, 4-year",9,.,.,.,.,.,.,.,.,
Wyoming,"Private, for-profit, 4-year",10,.,.,.,.,.,.,.,.,
Wyoming,"Public, PAB",11,.,.,.,.,.,.,.,.,
Wyoming,"Private, not-for-profit, PAB",12,.,.,.,.,.,.,.,.,
Wyoming,"Private, for-profit, PAB",13,.,.,.,.,.,.,.,.,
Wyoming,"Public, 2-year",14,100.0%,100.0%,100.0%,100.0%,100.0%,100.0%,100.0%,100.0%,
Wyoming,"Private, not-for-profit, 2-year",15,.,.,.,.,.,.,.,.,
Wyoming,"Private, for-profit, 2-year",16,.,0.0%,0.0%,0.0%,0.0%,0.0%,0,0.0%,